CASE;LASTPAGE;TIME_RSI;Alter;KIattention;Ehrlichkeit_Rohwert;DS01;Erwerbstaetigkeit;Geschlecht;SD_Branche;SD_Branche_andere;SD_Leitung;BeruflicheBildung;SD_BeruflicheBildung_sonstiges;KIHaeufigkeit_privateNutzung;KIZeitraumPrivateNutzung;KI_beruflicheNutzung;KI_ZufriedenhMA;KI07_11a;KI12_07a;KISUWunsch;KIUFoerderung;KIWunsch_Guideline;KIWunsch_keineU;KIWunsch_Schulung;KIWunsch_Sonstiges;KIWunsch_UseCase;KIWunsch_Vernetzung;KIWunsch_Zugang;KIZweck;KIZweck_Bericht;KIZweck_Brain;KIZweck_Datenanalyse;KIZweck_Kreativ;KIZweck_Program;KIZweck_Recherche;KIZweck_Sonstiges;KIZweck_Tech;KIZweck_TechSup;KIZweck_Text;KIpos_01;KIpos_02;KIpos_04;KIpos_05;KIpos_07;KIpos_11;KIpos_12;KIpos_13;KIpos_14;KIpos_16;KIpos_17;KIpos_18;KIneg_03;KIneg_06;KIneg_08;KIneg_09;KIneg_10;KIneg_15;KIneg_19;KIneg_20;PMoffen1;PMoffen2;PMoffen3;PMoffen4;PMoffen5;PMoffen6;PMoffen7;PMoffen8;PMoffen9;PMoffen10;PMgewissen1;PMgewissen2;PMgewissen3;PMgewissen4;PMgewissen5;PMgewissen6;PMgewissen7;PMgewissen8;PMgewissen9;PMgewissen10;PMextra1;PMextra2;PMextra3;PMextra4;PMextra5;PMextra6;PMextra7;PMextra8;PMextra9;PMextra10;PMvertrag1;PMvertrag2;PMvertrag3;PMvertrag4;PMvertrag5;PMvertrag6;PMvertrag7;PMvertrag8;PMvertrag9;PMvertrag10;PMneuro1;PMneuro2;PMneuro3;PMneuro4;PMneuro5;PMneuro6;PMneuro7;PMneuro8;PMneuro9;PMneuro10;PMleistung1;PMleistung2;PMleistung3;PMleistung4;PMleistung5;PMleistung6;PMmacht1;PMmacht2;PMmacht3;PMmacht4;PMmacht5;PMmacht6;PMsicher1;PMsicher2;PMsicher3;PMsicher4;PMsicher5;PMsicher6;PMehrlich1;PMehrlich2;PMehrlich3;PMehrlich4;Offenheit;Gewissenhaftigkeit;Extraversion;Verträglichkeit;Neurotizismus;Leistungsmotiv;Machtmotiv;Sicherheitsmotiv;GAAIS_positiv;GAAIS_negativ;Offenheit_MEAN;Gewissenhaftigkeit_MEAN;Extraversion_MEAN;Verträglichkeit_MEAN;Neurotizismus_MEAN;Leistung_MEAN;Macht_MEAN;Sicherheit_MEAN;Ehrlichkeit_MEAN;GAAIS_negativ_MEAN;GAAIS_positiv_MEAN
304;13;,88;38;4;7;2;1;2;4; ;1;2; ;4;3;1;3; ; ;3; ;2;1;2;1;2;1;1; ; ; ; ; ; ; ; ; ; ; ;2;4;4;4;4;4;4;4;4;4;4;4;2;4;3;2;2;2;3;3;2;3;2;2;2;2;2;3;2;3;3;4;3;3;3;4;2;3;3;3;3;4;3;2;2;4;3;1;3;3;4;4;4;4;4;4;3;3;4;4;2;1;3;1;1;1;1;1;1;1;2;1;1;1;1;1;1;3;1;3;2;2;4;4;4;4;4;3;1;2;1;3;21;31;28;38;13;7;12;23;46;21;2,33333333333333;3,1;2,8;3,8;1,3;1,16666666666667;2;3,83333333333333;1,75;2,625;3,83333333333333
450;13;1,78;24;4;7;2;1;2;8;Energie;1;4; ;2;2;1;3; ; ;2; ;1;1;2;1;2;1;1; ; ; ; ; ; ; ; ; ; ; ;3;4;2;2;2;3;3;2;3;2;3;2;3;2;3;4;3;2;2;4;2;2;1;2;2;2;3;2;1;2;4;4;2;4;4;4;4;4;3;3;2;2;3;2;2;2;1;2;2;2;3;3;2;4;2;3;3;2;3;2;3;3;3;3;3;2;2;2;2;2;4;3;2;3;4;2;2;2;3;2;3;2;3;4;3;4;3;4;2;1;2;2;17;36;20;27;25;18;14;21;31;23;1,88888888888889;3,6;2;2,7;2,5;3;2,33333333333333;3,5;1,75;2,875;2,58333333333333
467;13;1,11;48;4;7;2;1;2;6; ;1;2; ;3;2;2;3; ; ;1; ;1;1;1;1;2;1;1;1;1;1;1;1;1;1;1;1;1;2;4;4;4;4;4;4;4;2;4;3;4;4;3;4;3;3;3;3;3;4;2;4;3;2;4;2;1;1;1;3;4;3;3;3;3;3;3;3;2;1;3;3;3;3;2;2;3;1;4;4;4;4;3;3;3;4;2;3;3;3;2;3;3;3;3;2;2;3;2;3;3;2;1;1;2;3;3;2;2;1;2;2;3;4;3;3;1;3;1;1;2;3;19;28;28;32;26;12;12;17;45;26;2,11111111111111;2,8;2,8;3,2;2,6;2;2;2,83333333333333;1,75;3,25;3,75
468;13;,71;35;4;7;2;1;1;6; ;1;3; ;4;3;4;4; ; ;1; ;1;2;1;1;1;1;1;5;1;2;2;1;1;2;1;1;2;2;3;5;4;4;4;4;4;4;4;4;4;4;4;3;4;4;4;4;4;4;2;3;1;3;2;3;2;3;2;2;4;4;3;3;3;1;3;4;3;2;2;2;2;2;2;2;2;1;2;2;3;3;4;4;3;3;3;3;3;3;2;2;2;2;3;2;2;2;2;2;3;2;2;2;3;2;2;2;2;2;3;2;3;3;3;3;3;3;2;1;2;2;21;30;19;32;21;14;13;18;48;31;2,33333333333333;3;1,9;3,2;2,1;2,33333333333333;2,16666666666667;3;1,75;3,875;4
626;13;,93;36;4;7;2;1;2;7; ;1;4; ;3;2;2;2; ; ;2; ;2;1;1;1;1;1;2;1;1;2;1;1;1;1;1;1;1;1;4;4;3;4;4;3;4;3;4;3;4;4;3;3;4;4;3;4;4;4;2;3;2;2;2;3;2;2;3;3;4;4;2;3;3;3;3;3;3;3;3;2;3;2;2;3;3;4;2;3;3;4;4;3;3;4;2;3;4;3;3;3;3;3;2;2;1;4;3;2;4;2;2;2;3;2;1;2;2;1;2;2;4;4;4;4;4;4;2;1;2;2;22;31;27;33;26;15;10;24;44;29;2,44444444444444;3,1;2,7;3,3;2,6;2,5;1,66666666666667;4;1,75;3,625;3,66666666666667
668;13;2,03;30;4;7;2;1;2;1; ;1;4; ;5;2;2;3; ;To dos;1; ;1;1;1;2;1;1;1;1;1;1;1;1;1;1;1;1;1;2;2;4;4;4;4;4;4;2;4;1;4;3;2;2;2;2;2;2;3;2;1;3;3;2;1;3;2;1;1;3;4;4;3;3;3;1;3;3;3;3;3;3;3;2;3;2;3;3;2;3;3;4;3;3;3;4;2;2;4;3;3;2;2;3;2;2;1;2;2;3;4;2;1;3;2;1;1;1;1;1;2;2;3;4;3;4;3;4;2;1;1;3;19;30;27;31;22;13;8;21;40;17;2,11111111111111;3;2,7;3,1;2,2;2,16666666666667;1,33333333333333;3,5;1,75;2,125;3,33333333333333
694;13;,94;27;4;7;2;1;1;5; ;1;4; ;5;2;5;4; ; ;1; ;1;2;1;1;1;1;1;5;2;2;1;1;2;2;1;1;2;1;4;5;3;4;5;4;5;5;5;5;5;5;4;3;4;4;4;5;4;4;4;4;2;3;4;4;3;3;3;3;3;3;3;3;2;4;3;2;2;2;4;3;3;3;3;2;4;4;3;4;4;4;4;4;4;3;4;3;4;3;2;1;2;2;3;2;1;2;2;2;2;2;2;2;2;2;4;4;2;2;3;1;3;4;3;2;2;3;1;2;1;3;29;27;33;37;19;12;16;17;55;32;3,22222222222222;2,7;3,3;3,7;1,9;2;2,66666666666667;2,83333333333333;1,75;4;4,58333333333333
705;13;1,34;25;4;7;2;1;2;4; ;1;2; ;4;3;4;3; ; ;2; ;1;1;2;1;2;1;1;4;2;1;2;1;1;1;1;1;2;2;4;4;4;4;5;5;4;5;4;2;3;4;3;1;5;2;2;3;5;3;4;4;3;4;2;4;2;1;1;1;4;3;4;4;4;3;3;3;3;3;2;3;3;2;2;1;2;1;3;2;4;4;2;4;2;4;2;2;4;3;2;2;2;3;1;2;1;2;2;2;4;3;3;3;3;2;2;2;3;2;2;2;3;3;3;3;3;3;2;2;1;2;24;34;21;31;19;18;13;18;48;24;2,66666666666667;3,4;2,1;3,1;1,9;3;2,16666666666667;3;1,75;3;4
780;13;,48;28;4;7;2;1;2;1; ;1;2; ;3;1;3;3; ; ;1; ;1;2;1;1;1;1;1;3;1;1;1;1;2;2;1;1;1;2;1;3;1;1;1;3;2;3;4;4;4;1;2;2;3;3;1;1;3;2;2;4;2;1;1;3;2;1;3;1;4;3;2;3;1;1;2;3;2;3;3;3;2;1;3;4;1;1;3;2;4;4;3;4;4;3;3;3;3;4;2;2;2;4;3;3;2;3;3;1;1;1;1;2;2;1;1;1;1;1;2;1;3;4;2;2;4;4;1;1;2;3;19;24;23;35;25;8;7;19;28;17;2,11111111111111;2,4;2,3;3,5;2,5;1,33333333333333;1,16666666666667;3,16666666666667;1,75;2,125;2,33333333333333
920;13;1,4;25;4;7;2;1;2;8;Chemiebranche;1;4; ;4;3;3;3; ; ;3; ;2;1;1;1;2;2;1;7;2;2;2;2;1;2;1;1;2;2;4;4;3;4;5;4;4;4;4;4;3;4;3;2;2;2;3;3;4;3;2;2;2;2;3;3;2;3;2;3;3;3;4;4;4;4;4;4;3;3;3;2;2;3;2;2;3;2;2;2;3;3;2;3;2;4;2;2;3;3;3;2;2;3;3;3;2;2;3;2;3;3;3;3;3;3;2;3;3;3;3;2;4;4;4;4;3;4;2;2;2;1;21;36;23;27;25;18;16;23;47;22;2,33333333333333;3,6;2,3;2,7;2,5;3;2,66666666666667;3,83333333333333;1,75;2,75;3,91666666666667
299;13;1,53;37;4;8;2;1;2;5; ;1;4; ;5;1;4;1; ; ;3; ;2;1;1;1;1;2;2;5;2;2;2;1;1;2;1;1;1;2;5;5;5;5;5;5;5;5;5;5;5;5;1;1;2;1;1;1;2;1;2;4;4;2;2;3;2;3;4;4;4;4;4;4;3;1;4;4;2;3;3;4;4;2;4;2;2;1;3;4;4;4;4;4;4;4;2;4;4;4;3;1;4;3;3;2;2;1;4;4;3;4;2;3;4;4;2;3;1;2;4;1;3;3;3;4;4;4;1;2;2;3;28;33;29;38;27;20;13;21;60;10;3,11111111111111;3,3;2,9;3,8;2,7;3,33333333333333;2,16666666666667;3,5;2;1,25;5
306;13;,93;39;4;8;2;1;1;7; ;1;2; ;5;4;2;2; ;Gesetze;1; ;1;1;1;2;1;1;1;1;1;1;1;1;1;2;1;1;1;1;4;5;4;5;5;5;4;5;5;5;5;5;4;5;5;5;5;5;5;3;1;2;2;1;3;2;1;2;3;4;2;3;2;2;3;1;1;3;2;2;2;4;2;1;1;2;2;2;3;3;4;4;4;3;3;3;2;2;4;4;1;1;2;4;3;2;3;2;2;1;1;1;1;1;1;1;1;1;1;1;1;1;4;4;2;4;1;3;1;3;2;2;18;21;22;33;21;6;6;18;57;37;2;2,1;2,2;3,3;2,1;1;1;3;2;4,625;4,75
332;13;1,06;52;4;8;2;1;2;7; ;1;2; ;2;1;1;2; ; ;5; ;2;1;2;1;2;2;2; ; ; ; ; ; ; ; ; ; ; ;4;2;1;3;1;1;4;2;4;3;3;2;2;1;1;1;1;2;3;3;3;3;3;2;2;3;2;2;2;3;3;3;1;2;2;3;2;3;2;3;3;3;3;2;2;3;2;3;2;2;4;3;3;4;4;3;4;3;3;3;2;2;2;2;3;3;2;2;2;2;2;2;2;3;1;1;2;4;2;2;2;1;3;3;2;3;4;4;1;1;3;3;23;24;25;34;22;11;13;19;30;14;2,55555555555556;2,4;2,5;3,4;2,2;1,83333333333333;2,16666666666667;3,16666666666667;2;1,75;2,5
358;13;1,33;61;4;8;2;1;2;7; ;1;4; ;2;2;2;3; ; ;3; ;1;1;2;1;1;2;2;4;2;2;1;1;1;2;1;1;1;2;4;4;4;5;4;4;4;5;5;4;4;4;2;3;4;2;2;2;2;3;3;3;3;4;3;3;3;3;2;3;3;3;2;2;2;2;2;3;2;2;3;3;3;2;3;3;2;2;3;3;3;3;3;4;2;3;2;2;3;3;3;2;2;3;2;2;2;2;2;2;2;2;2;2;2;2;1;2;1;1;2;2;2;3;3;3;2;3;1;2;2;3;27;23;27;28;22;12;9;16;51;20;3;2,3;2,7;2,8;2,2;2;1,5;2,66666666666667;2;2,5;4,25
365;13;1,09;36;4;8;2;1;2;6; ;1;4; ;3;2;4;3; ; ;1; ;1;1;1;1;2;1;1;4;1;2;1;1;1;2;1;1;2;2;2;5;3;4;4;4;4;2;4;3;4;4;4;4;1;4;2;4;4;4;2;4;1;2;4;4;3;1;2;1;4;4;3;4;3;4;4;4;3;3;4;4;4;3;4;4;3;3;4;4;4;4;4;3;4;4;3;3;3;3;1;2;2;3;3;3;1;3;2;2;4;3;1;3;4;1;1;1;2;1;4;1;3;4;3;3;2;4;1;1;3;3;20;36;37;35;22;16;10;19;43;27;2,22222222222222;3,6;3,7;3,5;2,2;2,66666666666667;1,66666666666667;3,16666666666667;2;3,375;3,58333333333333
442;13;1,31;23;4;8;2;1;2;6; ;1;2; ;2;2;3;3; ; ;2; ;1;1;2;1;2;1;1;2;2;1;1;1;1;1;1;1;1;2;1;4;3;4;3;4;3;2;4;2;4;3;3;4;3;5;2;4;3;5;2;4;1;1;2;3;1;1;2;1;4;4;3;2;2;4;3;4;2;3;3;2;2;1;3;3;2;2;2;2;4;4;3;3;4;4;3;3;2;4;3;3;2;3;2;3;2;3;4;3;2;1;1;1;1;1;1;1;1;1;2;1;4;4;3;4;4;4;2;1;2;3;16;31;22;34;28;7;7;23;37;29;1,77777777777778;3,1;2,2;3,4;2,8;1,16666666666667;1,16666666666667;3,83333333333333;2;3,625;3,08333333333333
548;13;1,03;30;4;8;2;1;2;4; ;1;4; ;5;2;4;2; ; ;3; ;1;1;2;1;2;1;2;5;1;2;2;2;1;2;1;1;1;2;5;5;4;5;5;4;5;4;5;3;4;5;3;4;2;3;4;5;4;5;3;3;2;2;3;3;1;3;1;3;3;3;4;4;3;2;3;3;3;3;4;4;4;2;3;4;2;1;4;4;4;4;3;4;4;4;2;4;4;3;2;2;3;3;3;3;1;2;3;2;2;2;1;2;2;1;1;1;1;1;2;1;4;4;3;4;3;4;2;1;2;3;21;31;32;36;24;10;7;22;54;30;2,33333333333333;3,1;3,2;3,6;2,4;1,66666666666667;1,16666666666667;3,66666666666667;2;3,75;4,5
708;13;,8;42;4;8;2;1;1;6; ;1;3; ;5;2;5;3; ; ;3; ;2;1;1;1;1;2;2;5;2;2;2;1;1;2;1;1;1;2;3;5;3;5;5;4;4;5;5;5;4;5;4;4;4;4;4;4;4;2;3;4;4;3;3;3;3;4;3;3;3;3;1;3;1;1;1;2;2;1;4;4;4;2;4;4;3;2;4;4;4;4;4;4;4;3;3;4;4;2;3;2;3;4;3;1;1;3;3;3;1;2;1;3;2;3;2;3;3;2;2;1;2;2;1;2;2;3;2;2;1;3;30;18;35;36;26;12;13;12;53;30;3,33333333333333;1,8;3,5;3,6;2,6;2;2,16666666666667;2;2;3,75;4,41666666666667
713;13;,96;32;4;8;2;1;1;7; ;2;4; ;4;2;4;3; ; ;3; ;1;1;2;1;2;2;1;4;2;2;1;2;1;1;1;1;1;2;4;5;4;5;5;5;5;3;5;3;4;5;2;2;4;3;2;5;4;3;3;3;4;3;4;4;3;3;4;2;4;4;2;3;3;3;4;4;3;4;3;3;3;1;3;3;2;1;4;3;4;4;4;4;4;3;3;4;4;4;2;1;1;2;3;1;1;1;2;2;3;1;1;2;2;1;2;3;1;2;3;1;3;3;2;4;3;2;2;3;1;2;29;34;26;38;16;10;12;17;53;25;3,22222222222222;3,4;2,6;3,8;1,6;1,66666666666667;2;2,83333333333333;2;3,125;4,41666666666667
717;13;,62;54;4;8;2;1;2;6; ;1;2; ;2;1;3;3;Übersetzung; ;1; ;1;1;2;1;1;1;1;1;1;1;1;1;1;1;2;1;1;1;1;3;3;4;3;3;3;3;4;3;3;2;3;3;3;3;3;2;3;3;2;3;1;3;2;3;2;1;1;3;4;3;2;3;2;3;2;3;2;1;4;4;4;2;4;4;2;1;4;4;4;4;4;4;4;4;2;3;3;3;1;2;2;3;2;3;2;2;3;2;2;1;2;1;1;1;1;2;1;2;2;1;3;3;2;3;2;3;1;2;2;3;19;25;33;35;22;8;9;16;35;23;2,11111111111111;2,5;3,3;3,5;2,2;1,33333333333333;1,5;2,66666666666667;2;2,875;2,91666666666667
726;13;1,39;35;4;8;2;1;1;6; ;1;3; ;4;3;4;3; ; ;1; ;1;2;1;1;1;1;1;4;1;1;2;1;1;2;1;1;2;2;3;4;4;4;4;4;4;4;4;4;4;4;4;4;4;4;4;4;4;4;2;3;2;2;2;3;1;3;2;2;4;3;3;3;3;2;3;3;3;3;2;2;2;2;3;2;2;1;2;2;3;3;3;3;3;3;2;3;3;3;2;2;2;2;3;2;2;2;2;2;3;3;2;2;3;2;2;2;3;3;3;2;3;3;3;3;3;3;2;2;2;2;20;30;20;29;21;15;15;18;47;32;2,22222222222222;3;2;2,9;2,1;2,5;2,5;3;2;4;3,91666666666667
739;13;,44;26;4;8;2;1;1;6; ;1;4; ;4;4;4;2;Übersetzung; ;2; ;1;1;2;1;1;1;2;2;1;1;1;1;1;2;2;1;1;1;5;5;4;5;5;5;5;5;5;4;4;4;4;5;4;4;4;4;4;4;3;4;4;3;4;4;3;3;3;4;4;4;4;4;4;2;4;3;3;4;3;4;4;4;3;3;4;1;4;4;4;4;3;4;4;4;4;2;3;4;1;1;3;2;4;2;2;2;2;1;4;4;4;3;4;4;4;4;4;4;3;2;3;4;2;2;3;3;1;2;2;3;31;36;34;36;20;23;21;17;56;33;3,44444444444444;3,6;3,4;3,6;2;3,83333333333333;3,5;2,83333333333333;2;4,125;4,66666666666667
775;13;,7;52;4;8;2;1;2;6; ;2;4; ;4;2;4;3; ; ;3; ;2;1;1;1;2;2;1;4;2;2;1;1;1;2;1;1;1;2;3;5;4;4;4;4;4;4;4;3;4;4;3;3;3;4;3;4;4;3;3;2;2;2;3;3;2;3;2;2;4;3;2;4;3;2;2;3;3;2;3;2;2;3;2;3;1;2;3;3;4;4;3;4;3;3;2;3;4;4;2;2;2;3;3;2;2;2;2;3;3;3;2;2;2;2;2;2;2;2;3;2;3;1;2;3;3;3;1;2;2;3;21;28;24;34;23;14;13;15;47;27;2,33333333333333;2,8;2,4;3,4;2,3;2,33333333333333;2,16666666666667;2,5;2;3,375;3,91666666666667
812;13;1,58;22;4;8;2;1;2;1; ;1;3; ;4;3;2;3; ; ;1; ;1;1;2;1;1;1;1;1;1;1;1;1;1;1;1;1;1;2;4;3;2;5;4;2;4;3;4;2;4;3;4;3;2;5;3;3;4;4;4;4;3;1;4;4;2;2;1;3;4;4;2;4;2;1;4;2;2;3;3;3;2;2;2;2;2;1;3;3;4;3;4;3;3;3;1;2;3;3;1;1;1;2;1;1;1;1;3;1;3;2;2;3;2;1;1;2;1;2;3;1;3;3;2;3;2;3;1;1;2;4;24;28;23;29;13;13;10;16;40;28;2,66666666666667;2,8;2,3;2,9;1,3;2,16666666666667;1,66666666666667;2,66666666666667;2;3,5;3,33333333333333
813;13;,69;28;4;8;2;1;2;4; ;1;4; ;5;3;5;4;Übersetzung; ;1; ;1;2;1;1;1;1;1;6;1;2;1;1;2;2;2;1;2;2;4;5;4;5;5;5;5;4;5;4;2;5;3;1;2;1;1;2;3;3;4;4;3;4;3;4;3;3;3;3;4;4;4;3;4;2;3;4;2;1;4;3;3;2;3;3;3;3;4;4;4;4;3;3;4;4;2;3;4;3;3;2;2;3;4;2;1;2;3;2;4;2;1;2;3;1;1;2;2;2;2;1;3;4;3;4;2;3;1;2;2;3;31;31;32;34;24;13;10;19;53;16;3,44444444444444;3,1;3,2;3,4;2,4;2,16666666666667;1,66666666666667;3,16666666666667;2;2;4,41666666666667
821;13;,65;56;4;8;2;1;2;8;Chemische Industrie;1;3; ;1; ;1;1; ; ;1;1;1;1;2;1;1;1;1; ; ; ; ; ; ; ; ; ; ; ;1;4;2;4;1;5;4;2;4;4;2;1;3;4;1;2;1;2;1;2;2;3;3;1;1;3;2;1;3;3;3;3;1;3;3;2;4;3;2;2;2;1;3;1;1;2;1;1;1;1;4;3;3;4;4;4;3;3;3;3;3;3;4;3;4;3;3;4;3;3;1;3;3;1;1;1;1;1;1;1;1;1;4;4;3;4;2;4;1;3;2;2;21;26;14;34;33;10;6;21;34;16;2,33333333333333;2,6;1,4;3,4;3,3;1,66666666666667;1;3,5;2;2;2,83333333333333
830;13;,98;37;4;8;2;1;1;8;Energieversorgung;2;4; ;5;3;5;3; ; ;5; ;2;1;2;1;2;2;2;3;1;2;1;1;1;2;1;1;1;2;3;4;2;4;5;5;5;4;4;3;4;5;3;2;5;4;4;5;5;2;3;4;4;3;3;4;3;4;3;3;3;3;3;3;4;2;3;2;3;2;4;3;4;2;3;3;3;2;4;4;4;4;4;4;4;3;4;3;4;3;1;1;2;2;3;2;1;1;2;1;2;1;1;1;1;1;1;1;1;1;3;1;2;4;3;3;3;3;1;3;2;2;31;28;32;37;16;7;8;18;48;30;3,44444444444444;2,8;3,2;3,7;1,6;1,16666666666667;1,33333333333333;3;2;3,75;4
897;13;1,01;29;4;8;2;1;2;6; ;1;4; ;4;3;2;3; ; ;1; ;1;1;2;1;1;1;1;2;1;2;1;1;1;1;1;1;1;2;4;5;5;5;5;5;5;4;4;5;4;4;4;3;4;2;4;4;4;2;4;3;4;2;2;3;3;1;2;3;4;4;3;4;3;3;3;3;3;4;4;3;4;1;3;4;4;2;3;3;4;4;4;4;4;4;3;3;4;3;3;2;2;3;3;3;3;3;2;2;2;1;1;2;1;1;1;1;2;1;1;1;4;4;3;3;3;4;2;1;2;3;25;34;31;37;26;8;7;21;55;27;2,77777777777778;3,4;3,1;3,7;2,6;1,33333333333333;1,16666666666667;3,5;2;3,375;4,58333333333333
900;13;,76;42;4;8;2;1;2;6; ;2;2; ;2;1;2;3; ; ;1; ;1;2;1;1;1;1;1;2;2;1;1;1;1;2;1;1;1;1;1;4;2;4;2;2;3;2;4;2;2;3;4;2;3;2;2;2;3;2;4;4;2;2;4;4;3;3;2;3;4;4;3;3;4;2;4;4;3;3;3;3;3;2;2;2;3;2;3;3;4;4;3;3;4;4;4;3;3;3;1;2;2;2;2;2;2;3;2;2;3;2;2;2;4;2;2;3;3;3;4;2;3;3;2;2;2;3;1;2;1;4;27;34;26;35;20;15;17;15;31;20;3;3,4;2,6;3,5;2;2,5;2,83333333333333;2,5;2;2,5;2,58333333333333
360;13;1,33;22;4;9;2;1;2;1; ;1;5;Studiere aktuell;5;3;5;3; ;IT;1; ;1;1;1;2;1;1;1;7;2;2;2;2;1;2;1;1;2;2;2;3;4;5;4;4;4;3;4;3;4;4;2;2;3;1;2;2;3;3;2;4;2;3;3;4;2;4;4;3;3;3;2;3;4;4;3;3;4;2;4;4;4;3;3;3;1;1;4;4;4;4;4;3;4;4;4;2;4;3;1;1;2;2;3;3;2;1;2;1;4;2;1;2;3;1;2;2;1;2;3;3;3;4;2;2;1;3;2;1;3;3;28;31;31;36;18;13;13;15;44;18;3,11111111111111;3,1;3,1;3,6;1,8;2,16666666666667;2,16666666666667;2,5;2,25;2,25;3,66666666666667
383;13;,93;35;4;9;2;1;1;7; ;2;2; ;3;3;2;1; ; ;3; ;2;1;2;1;2;1;1;1;1;1;1;1;1;2;1;1;1;1;3;4;1;2;3;2;3;3;3;1;3;3;1;1;4;5;1;2;1;1;4;4;1;3;4;4;4;1;4;4;4;4;2;3;4;3;4;4;3;3;3;4;3;2;3;3;4;3;4;3;4;4;3;4;3;4;3;3;3;3;2;2;3;3;4;2;1;2;2;2;2;2;2;3;2;3;4;4;2;3;2;2;4;4;3;4;4;4;1;2;2;4;29;34;32;34;23;14;17;23;31;16;3,22222222222222;3,4;3,2;3,4;2,3;2,33333333333333;2,83333333333333;3,83333333333333;2,25;2;2,58333333333333
459;13;1,16;20;4;9;2;1;2;4; ;1;1; ;4;3;4;3; ; ;2; ;1;1;1;1;1;2;2;3;1;2;1;1;1;2;1;1;1;2;4;4;3;4;4;4;4;3;5;3;4;4;3;1;3;4;2;3;4;4;3;3;2;2;2;3;1;2;2;2;4;3;4;4;3;4;4;4;2;2;4;3;4;2;3;3;3;4;4;4;4;4;4;4;3;4;3;3;4;3;2;2;3;2;4;2;2;2;2;3;4;2;2;3;3;1;1;1;1;2;1;1;3;3;2;3;2;4;2;2;3;2;20;34;34;36;24;15;7;17;46;24;2,22222222222222;3,4;3,4;3,6;2,4;2,5;1,16666666666667;2,83333333333333;2,25;3;3,83333333333333
474;13;1,05;30;4;9;2;1;2;1; ;1;4; ;5;2;2;2;Übersetzung;Tägliche to dos;1; ;1;1;1;2;1;1;1;4;1;2;1;1;1;1;2;1;2;2;2;4;4;4;4;4;4;5;4;1;4;4;3;1;2;1;1;2;3;2;2;3;3;2;1;3;2;1;1;3;4;4;3;3;3;2;3;3;3;3;2;2;3;2;2;2;3;1;2;2;3;4;3;2;3;3;3;2;3;3;2;3;2;3;3;3;2;3;3;3;2;2;2;3;3;1;1;2;1;2;2;2;3;4;3;3;3;4;2;2;2;3;20;31;21;29;27;13;10;20;44;15;2,22222222222222;3,1;2,1;2,9;2,7;2,16666666666667;1,66666666666667;3,33333333333333;2,25;1,875;3,66666666666667
542;13;,53;32;4;9;2;1;2;7; ;1;4; ;3;2;3;3; ; ;4; ;2;1;2;1;2;1;2;3;1;2;1;2;1;1;1;1;1;2;3;5;3;4;4;4;4;3;4;3;3;4;2;3;2;2;2;3;3;2;2;3;3;2;2;3;3;3;3;3;3;3;2;3;3;3;3;2;3;3;3;2;3;2;3;3;3;2;3;3;3;3;3;4;3;3;3;3;3;3;2;2;2;2;2;2;2;2;3;2;2;2;2;2;2;1;1;2;2;2;2;2;3;4;3;3;3;3;2;2;2;3;25;28;27;31;21;11;11;19;44;19;2,77777777777778;2,8;2,7;3,1;2,1;1,83333333333333;1,83333333333333;3,16666666666667;2,25;2,375;3,66666666666667
545;13;,61;65;4;9;2;1;2;3; ;1;2; ;3;2;2;2; ; ;5; ;2;1;2;1;2;2;2;2;1;1;1;1;1;2;1;1;1;2;3;5;3;5;4;4;5;5;5;4;3;4;1;3;5;4;4;4;4;4;3;4;2;4;3;4;3;1;2;4;4;3;2;2;2;3;2;3;1;2;4;3;4;3;4;3;4;3;4;4;4;4;4;3;3;4;4;4;4;4;1;3;4;4;3;4;3;4;4;3;1;3;3;3;2;1;1;2;2;3;3;1;3;3;2;3;3;4;2;2;2;3;27;24;36;38;33;13;12;18;50;29;3;2,4;3,6;3,8;3,3;2,16666666666667;2;3;2,25;3,625;4,16666666666667
583;13;,81;52;4;9;2;1;2;6; ;1;2; ;2;1;1;3; ; ;2; ;1;1;2;1;1;1;2; ; ; ; ; ; ; ; ; ; ; ;3;5;4;5;4;5;5;4;5;5;5;5;2;2;3;3;1;2;4;1;2;2;2;2;2;2;4;2;3;3;4;3;2;3;3;2;3;3;3;2;3;2;3;2;2;3;2;2;3;3;3;4;3;3;3;3;2;3;3;3;3;3;3;3;3;2;3;3;3;3;3;2;1;2;2;1;1;2;1;1;2;1;3;4;3;3;3;3;2;2;2;3;22;28;25;30;29;11;8;19;55;18;2,44444444444444;2,8;2,5;3;2,9;1,83333333333333;1,33333333333333;3,16666666666667;2,25;2,25;4,58333333333333
595;13;1,88;32;4;9;2;1;2;2; ;1;2; ;4;1;2;3; ; ;1; ;1;2;1;1;1;1;1;3;1;2;1;1;1;2;1;1;1;2;2;3;4;4;4;3;4;3;4;3;3;2;4;3;1;1;1;3;2;2;2;2;3;1;2;2;2;4;2;2;2;3;4;3;4;2;4;4;3;2;3;3;3;3;3;3;1;1;3;4;4;4;3;4;4;4;2;3;4;4;2;2;3;4;4;4;4;2;3;3;3;3;2;3;3;4;1;3;3;3;3;1;3;4;2;4;4;4;2;3;1;3;20;31;27;36;31;18;14;21;39;17;2,22222222222222;3,1;2,7;3,6;3,1;3;2,33333333333333;3,5;2,25;2,125;3,25
628;13;1,41;37;4;9;2;1;1;5; ;2;4; ;5;4;5;4; ; ;5; ;2;1;2;1;2;2;2;9;2;2;2;2;2;2;1;2;2;2;5;5;5;5;5;5;5;5;5;4;5;5;2;3;5;4;5;5;5;4;2;4;2;2;1;3;1;3;4;4;3;4;2;4;3;1;3;3;3;2;1;2;2;1;1;1;3;1;2;2;4;3;1;3;2;4;2;1;2;3;1;1;2;1;4;4;1;1;2;1;4;2;2;2;4;1;2;2;1;1;1;1;1;3;3;2;3;1;2;3;1;3;25;28;16;25;18;15;8;13;59;33;2,77777777777778;2,8;1,6;2,5;1,8;2,5;1,33333333333333;2,16666666666667;2,25;4,125;4,91666666666667
647;13;,7;32;4;9;2;1;2;4; ;1;4; ;4;3;4;1; ; ;2; ;1;1;2;1;1;1;2;6;2;2;2;1;1;2;1;1;2;2;4;4;2;4;4;2;4;4;5;2;2;4;2;2;4;4;4;4;4;2;3;4;2;3;2;4;2;3;2;4;3;3;2;2;2;3;3;2;3;1;3;2;3;2;2;2;2;1;2;2;4;3;3;2;4;3;4;3;4;3;2;3;3;3;3;3;3;3;3;3;1;3;3;3;2;1;1;2;2;2;3;2;3;3;3;4;3;3;2;2;2;3;27;24;21;33;29;13;12;19;41;26;3;2,4;2,1;3,3;2,9;2,16666666666667;2;3,16666666666667;2,25;3,25;3,41666666666667
731;13;,71;30;4;9;2;1;1;5; ;2;4; ;5;3;5;4; ; ;1; ;2;1;1;1;1;1;1;6;2;2;1;1;2;2;1;1;2;2;5;5;5;3;5;5;5;5;5;3;3;5;2;2;5;5;5;5;5;4;4;3;3;4;4;4;2;1;4;2;4;3;2;4;3;1;3;3;3;2;4;4;4;4;3;4;4;1;4;4;3;3;3;3;3;3;3;3;3;3;1;1;1;1;3;2;1;1;2;2;1;2;1;3;3;1;1;3;1;2;4;1;2;4;2;3;3;3;2;2;2;3;27;28;36;30;15;11;12;17;54;33;3;2,8;3,6;3;1,5;1,83333333333333;2;2,83333333333333;2,25;4,125;4,5
745;13;1,17;23;4;9;2;1;1;8;Personenverkehr;1;4; ;4;3;2;2; ; ;3; ;1;1;2;1;2;1;2;2;1;2;1;1;1;1;1;1;1;2;4;4;1;4;4;2;4;5;4;3;4;4;3;2;4;4;3;4;5;5;3;2;3;3;1;4;3;2;2;2;4;3;3;3;4;4;3;4;2;3;4;3;3;1;4;3;2;2;3;3;4;4;3;3;3;4;3;2;3;3;3;3;3;3;3;1;2;3;1;3;4;3;2;3;4;1;1;1;1;1;2;2;4;4;3;3;1;3;1;2;3;3;24;33;28;32;25;17;8;18;43;30;2,66666666666667;3,3;2,8;3,2;2,5;2,83333333333333;1,33333333333333;3;2,25;3,75;3,58333333333333
750;13;,87;30;4;9;2;1;1;6; ;2;4; ;5;3;5;3; ; ;1; ;1;1;2;1;1;1;1;4;2;1;2;1;1;2;1;1;1;2;3;4;5;3;4;4;5;5;4;1;3;4;2;2;5;4;2;4;2;2;3;4;1;3;4;4;1;4;4;4;4;3;2;3;4;1;2;2;3;3;2;3;2;2;3;2;1;2;3;3;2;2;4;2;2;3;2;3;3;3;1;2;2;2;3;1;1;1;1;2;4;2;1;2;2;1;1;3;1;1;2;2;3;3;1;3;1;2;2;2;2;3;28;27;23;26;16;12;10;13;45;23;3,11111111111111;2,7;2,3;2,6;1,6;2;1,66666666666667;2,16666666666667;2,25;2,875;3,75
764;13;1,62;54;4;9;2;1;1;4; ;2;2; ;4;1;4;3; ; ;1; ;1;1;1;1;2;1;1;5;2;1;2;2;1;2;1;1;1;2;4;4;3;4;4;4;4;2;4;3;4;4;2;2;4;4;4;4;4;3;2;3;1;3;2;3;3;1;2;3;3;3;1;2;3;2;2;2;2;3;3;2;2;2;3;2;3;2;2;3;3;3;2;3;3;3;2;2;2;3;2;2;2;2;2;2;2;2;2;2;2;2;2;2;2;2;2;2;2;2;2;2;3;3;3;2;2;3;2;3;2;2;21;23;24;26;20;12;12;16;44;27;2,33333333333333;2,3;2,4;2,6;2;2;2;2,66666666666667;2,25;3,375;3,66666666666667
804;13;,99;30;4;9;2;1;1;4; ;1;4; ;4;2;4;3; ; ;5; ;2;1;2;1;2;2;2;5;2;2;1;1;1;2;1;1;2;2;4;5;4;5;4;4;5;4;4;3;4;4;4;4;4;4;4;4;4;4;3;3;3;3;2;3;1;1;2;2;3;3;3;3;3;1;3;3;2;2;3;2;3;3;4;3;3;2;3;3;3;3;2;4;3;3;3;2;2;3;2;2;2;1;2;2;1;2;2;2;3;3;2;3;3;2;2;2;3;2;3;2;2;3;2;2;3;3;2;2;2;3;21;26;29;28;18;16;14;15;50;32;2,33333333333333;2,6;2,9;2,8;1,8;2,66666666666667;2,33333333333333;2,5;2,25;4;4,16666666666667
810;13;,62;38;4;9;2;1;2;7; ;2;3; ;2;1;2;3; ; ;1; ;1;2;1;1;1;1;1;2;1;2;1;1;1;2;1;1;1;1;4;3;3;4;3;4;4;3;4;3;3;3;2;3;2;3;1;2;2;1;4;3;2;3;2;3;2;2;2;4;3;3;2;2;3;1;2;3;2;2;3;2;3;1;2;3;1;1;2;2;3;4;3;4;4;4;4;2;4;3;2;2;2;3;3;2;2;2;3;3;3;1;2;1;2;2;1;1;2;1;2;1;4;3;2;3;2;3;1;2;3;3;25;23;20;35;24;11;8;17;41;16;2,77777777777778;2,3;2;3,5;2,4;1,83333333333333;1,33333333333333;2,83333333333333;2,25;2;3,41666666666667
847;13;1,22;31;4;9;2;1;2;4; ;1;2; ;4;2;4;2; ; ;4; ;2;1;2;1;2;1;2;4;1;2;2;1;1;2;1;1;1;2;4;4;4;5;5;5;5;4;4;4;4;5;3;3;4;4;4;4;4;5;3;3;3;2;3;4;4;3;2;4;3;3;2;2;3;2;3;3;2;3;3;2;3;1;2;2;2;1;2;2;3;3;3;3;4;3;3;2;3;2;2;2;3;4;3;3;3;3;3;3;3;3;2;2;3;2;2;2;2;1;2;2;4;4;3;4;4;4;3;1;2;3;28;26;20;29;29;15;11;23;53;31;3,11111111111111;2,6;2;2,9;2,9;2,5;1,83333333333333;3,83333333333333;2,25;3,875;4,41666666666667
866;13;,88;33;4;9;2;1;2;8;Energie;1;3; ;4;1;4;3; ; ;3; ;1;1;2;1;2;2;1;2;1;2;1;1;1;1;1;1;1;2;3;4;2;4;4;3;4;2;4;2;4;4;3;3;4;4;3;4;4;3;4;4;3;2;3;4;3;2;2;3;3;3;3;3;3;2;2;2;2;2;3;2;4;2;3;3;3;1;2;3;3;3;3;2;3;3;2;3;2;3;3;4;3;3;2;3;3;3;3;3;3;3;3;3;2;2;2;2;1;1;2;2;4;3;3;3;3;4;2;2;2;3;27;25;26;27;30;16;10;20;40;28;3;2,5;2,6;2,7;3;2,66666666666667;1,66666666666667;3,33333333333333;2,25;3,5;3,33333333333333
906;13;,87;23;4;9;2;1;1;8;Chemieindustrie;1;2; ;3;2;5;3;Übersetzung;Schnelleres Vorantreiben und Nutzen von KI Fähigkeiten;1; ;1;1;1;2;1;1;1;4;2;2;1;1;1;1;2;1;1;2;4;5;4;5;5;5;5;5;5;3;5;5;3;3;4;4;4;5;3;3;3;3;2;3;2;3;2;3;3;2;4;3;3;4;3;2;3;3;4;1;3;2;2;1;3;2;3;1;2;2;4;4;4;4;4;4;4;3;3;4;2;2;1;2;3;2;2;3;3;2;3;2;2;2;2;2;2;4;3;2;3;1;3;3;2;3;2;3;2;3;3;1;24;30;21;38;22;13;15;16;56;29;2,66666666666667;3;2,1;3,8;2,2;2,16666666666667;2,5;2,66666666666667;2,25;3,625;4,66666666666667
907;13;,85;39;4;9;2;1;1;6; ;1;2; ;3;2;2;3; ; ;3; ;1;1;2;1;2;1;2;3;1;2;1;1;1;2;1;1;1;2;2;4;4;5;2;4;4;4;5;4;4;3;3;2;2;2;2;2;3;2;2;3;4;2;2;2;2;2;3;3;4;4;3;4;3;4;3;3;3;3;3;3;4;2;3;3;2;1;3;3;4;4;3;3;3;4;2;4;3;3;3;3;2;3;3;2;2;3;3;2;3;2;2;2;3;2;1;2;2;1;2;2;4;3;3;3;3;4;2;2;2;3;23;34;27;33;26;14;10;20;45;18;2,55555555555556;3,4;2,7;3,3;2,6;2,33333333333333;1,66666666666667;3,33333333333333;2,25;2,25;3,75
320;13;,88;42;4;10;2;1;1;8;Chemieindustrie;2;4; ;3;1;2;3; ; ;2; ;2;1;1;1;2;1;1;3;1;2;2;1;1;2;1;1;1;1;3;2;2;5;4;3;4;4;5;4;4;4;4;3;4;2;2;2;4;4;1;4;2;2;3;3;2;2;3;3;4;4;2;4;4;2;4;3;3;3;2;4;2;3;1;2;2;1;2;2;3;3;3;4;3;3;2;3;3;3;2;1;3;1;1;1;1;2;1;1;3;3;1;2;3;2;1;2;2;1;3;1;3;4;3;3;3;3;2;3;2;3;22;33;21;30;14;14;10;19;44;25;2,44444444444444;3,3;2,1;3;1,4;2,33333333333333;1,66666666666667;3,16666666666667;2,5;3,125;3,66666666666667
334;13;,7;35;4;10;2;1;1;5; ;2;4; ;3;3;4;3; ;Ausarbeitung konkreter Agents für meine Ansprüche;1; ;1;1;1;2;1;1;1;2;1;1;1;1;2;1;1;1;2;1;2;5;2;5;4;4;4;4;5;4;1;4;3;3;4;2;2;3;2;3;3;4;1;2;4;4;3;3;2;4;3;3;4;2;4;3;4;3;1;2;4;3;3;3;2;3;2;2;4;4;3;2;3;4;1;3;2;2;3;4;1;1;2;1;2;1;1;3;1;1;4;3;2;3;3;1;2;3;2;2;2;2;3;4;3;4;2;3;2;2;3;3;26;29;30;27;14;16;13;19;44;22;2,88888888888889;2,9;3;2,7;1,4;2,66666666666667;2,16666666666667;3,16666666666667;2,5;2,75;3,66666666666667
355;13;1,22;24;4;10;2;1;1;6; ;1;4; ;5;3;4;4; ; ;5; ;2;1;2;1;2;2;2;5;2;2;1;1;2;1;1;2;1;2;4;4;4;4;4;4;4;4;4;2;3;4;2;3;3;2;2;4;4;2;2;3;2;3;3;3;2;3;2;3;3;3;2;3;3;3;3;2;2;3;3;3;3;2;3;3;1;2;4;2;4;4;3;4;3;3;3;3;3;3;1;1;3;2;3;1;1;2;3;1;2;3;3;3;2;2;3;3;3;3;3;2;3;3;1;3;2;3;2;2;3;3;23;27;26;33;18;15;17;15;45;22;2,55555555555556;2,7;2,6;3,3;1,8;2,5;2,83333333333333;2,5;2,5;2,75;3,75
361;13;1,9;27;4;10;2;1;2;4; ;1;4; ;4;3;3;3; ; ;3; ;2;1;1;1;2;1;2;3;1;2;1;1;1;1;1;1;2;2;2;4;3;5;4;4;5;3;4;3;4;4;3;1;3;4;2;4;4;3;3;3;3;3;4;3;3;3;3;4;3;3;1;3;3;1;1;3;2;1;3;3;3;2;3;3;3;1;4;3;4;3;4;4;3;3;2;3;1;3;3;2;3;3;4;4;2;3;2;2;3;3;2;3;3;1;1;2;1;2;3;2;3;4;3;3;4;3;2;3;3;2;28;21;28;30;28;15;11;20;45;24;3,11111111111111;2,1;2,8;3;2,8;2,5;1,83333333333333;3,33333333333333;2,5;3;3,75
396;13;,7;33;4;10;2;1;2;4; ;1;4; ;3;1;2;4; ; ;1; ;1;2;1;1;1;1;1;1;1;1;1;1;1;1;1;1;1;2;2;3;3;4;4;4;4;2;4;2;3;2;2;2;3;2;2;2;2;4;2;2;1;2;3;3;2;2;2;2;3;3;3;3;3;4;3;4;3;3;3;3;2;2;1;2;1;1;2;2;4;4;4;3;3;4;4;4;3;3;2;3;3;3;2;3;2;2;3;2;3;2;2;3;3;3;3;3;2;2;3;2;3;4;3;4;3;4;3;1;3;3;18;32;19;36;25;16;15;21;37;19;2;3,2;1,9;3,6;2,5;2,66666666666667;2,5;3,5;2,5;2,375;3,08333333333333
397;13;1,06;27;4;10;2;1;2;4; ;1;4; ;4;3;1;3; ; ;2; ;1;1;1;1;2;1;2; ; ; ; ; ; ; ; ; ; ; ;3;4;2;4;4;3;4;2;4;2;3;4;3;2;5;5;4;4;4;5;4;3;4;3;3;3;3;2;3;4;3;3;2;2;2;3;3;3;3;2;3;3;3;2;3;3;4;4;3;3;4;3;4;3;4;4;3;3;3;3;2;2;2;2;3;3;2;2;3;3;3;2;1;2;1;1;1;3;1;1;2;1;3;3;2;3;3;4;2;3;2;3;29;26;31;34;24;10;9;18;39;32;3,22222222222222;2,6;3,1;3,4;2,4;1,66666666666667;1,5;3;2,5;4;3,25
494;13;1,06;38;4;10;2;1;2;6; ;2;4; ;5;2;5;2; ; ;3; ;2;1;2;1;1;1;2;6;2;2;2;2;1;2;1;1;1;2;4;4;4;4;4;4;4;4;4;4;4;4;2;3;4;4;4;4;4;3;3;3;3;3;3;3;2;3;2;3;3;3;3;3;3;2;3;3;3;3;3;3;3;3;3;3;3;1;3;3;3;3;3;3;3;3;2;3;3;3;2;2;3;2;3;3;2;2;2;2;3;3;3;3;3;2;3;3;3;3;3;3;2;3;2;2;2;3;2;2;3;3;25;29;28;29;23;17;18;14;48;28;2,77777777777778;2,9;2,8;2,9;2,3;2,83333333333333;3;2,33333333333333;2,5;3,5;4
498;13;,77;29;4;10;2;1;2;5; ;2;4; ;3;3;5;3; ; ;3; ;2;1;1;1;1;2;2;3;1;1;1;1;2;1;1;1;2;2;2;5;3;5;4;4;4;4;5;3;3;4;4;3;4;4;4;4;5;5;3;3;2;3;4;4;2;2;2;2;3;3;3;3;2;2;3;3;3;3;3;3;3;2;2;3;3;3;2;3;3;3;4;3;3;3;3;2;3;4;3;2;2;3;3;4;2;2;4;3;3;3;2;4;3;1;1;2;3;2;2;1;3;3;2;3;2;4;2;3;1;4;23;28;27;31;28;16;11;17;46;33;2,55555555555556;2,8;2,7;3,1;2,8;2,66666666666667;1,83333333333333;2,83333333333333;2,5;4,125;3,83333333333333
504;13;,72;29;4;10;2;1;1;8;Ingenieurwesen Elektro;1;3; ;4;3;3;3; ; ;1; ;1;1;1;1;1;1;2;4;1;1;2;2;1;1;1;1;2;2;4;4;3;5;4;4;4;4;5;4;3;4;3;2;2;4;2;3;4;2;4;3;2;2;2;4;3;1;3;3;3;4;3;4;4;2;4;3;4;4;4;3;4;2;3;2;4;3;2;2;4;4;3;4;3;4;3;2;4;4;2;2;2;2;4;4;1;3;4;3;3;2;2;3;3;2;1;2;1;2;2;2;3;4;2;4;4;4;2;3;2;3;25;35;29;35;27;15;10;21;48;22;2,77777777777778;3,5;2,9;3,5;2,7;2,5;1,66666666666667;3,5;2,5;2,75;4
518;13;,9;60;4;10;2;1;1;2; ;2;4; ;5;2;5;4; ; ;2; ;1;2;1;1;1;2;1;4;1;2;2;2;1;2;1;1;1;1;4;5;4;5;5;4;5;5;5;4;4;4;3;4;4;2;2;4;5;4;4;4;4;3;4;4;4;4;4;4;4;3;2;3;3;1;3;3;3;3;2;3;4;2;2;2;2;1;3;2;4;4;2;3;2;4;3;2;4;3;1;1;1;2;2;1;1;1;1;1;3;3;2;2;3;3;2;3;2;2;2;2;2;2;2;2;1;2;2;3;2;3;35;28;23;31;12;16;13;11;54;28;3,88888888888889;2,8;2,3;3,1;1,2;2,66666666666667;2,16666666666667;1,83333333333333;2,5;3,5;4,5
530;13;,3;54;4;10;2;1;2;6; ;2;2; ;4;2;3;1;Zeugniserstellung; ;2; ;1;1;2;1;2;1;1;4;2;1;1;1;1;2;2;1;1;2;3;5;4;5;4;4;5;5;5;4;5;5;2;1;4;3;3;1;4;3;1;3;2;2;4;4;1;1;1;4;4;4;4;4;3;4;4;4;4;4;4;3;4;1;4;4;2;3;4;4;3;3;4;3;4;4;4;4;3;3;1;1;2;1;1;2;1;1;2;2;2;1;1;1;3;1;1;4;1;3;3;1;4;4;4;3;3;3;1;4;2;3;19;39;33;35;14;9;13;21;54;21;2,11111111111111;3,9;3,3;3,5;1,4;1,5;2,16666666666667;3,5;2,5;2,625;4,5
544;13;1,02;48;4;10;2;1;2;8;Tourismus;2;4; ;4;2;4;3; ;Chatbot;1; ;1;1;1;2;1;1;1;3;2;2;1;1;1;1;1;1;1;2;2;4;2;4;4;5;5;5;5;3;4;4;3;3;2;2;1;2;3;3;3;4;2;2;1;3;2;1;1;1;4;3;2;3;3;3;3;4;3;1;3;3;4;2;2;3;3;1;2;2;4;4;4;4;4;4;2;4;3;3;2;3;2;3;2;1;1;3;3;3;3;2;2;3;3;1;1;1;2;1;3;2;3;4;3;4;2;3;1;2;3;4;19;29;25;36;23;14;10;19;47;19;2,11111111111111;2,9;2,5;3,6;2,3;2,33333333333333;1,66666666666667;3,16666666666667;2,5;2,375;3,91666666666667
563;13;,86;62;4;10;2;1;1;2; ;2;3; ;2;1;2;3; ; ;1; ;1;1;1;1;1;1;2;4;1;1;2;1;1;2;1;1;2;2;3;4;4;4;4;4;4;4;4;4;3;3;2;3;2;2;1;2;3;1;2;2;3;2;2;2;1;2;1;3;3;4;2;3;2;3;3;3;3;3;4;3;4;3;3;4;3;1;3;3;4;4;3;3;2;4;3;3;3;3;2;2;3;3;3;3;3;3;2;2;3;2;2;3;3;1;1;2;2;1;3;2;3;4;3;4;3;4;2;3;2;3;18;29;31;32;26;14;11;21;45;16;2;2,9;3,1;3,2;2,6;2,33333333333333;1,83333333333333;3,5;2,5;2;3,75
629;13;1,06;62;4;10;2;1;1;5; ;2;4; ;5;4;5;1;Mehrfach Check unterschiedlicher Systeme,;Innovation und neue Perspektiven;3; ;1;1;1;2;1;2;2;8;2;2;2;2;1;2;2;1;2;2;4;5;5;5;4;4;5;4;5;4;3;5;1;3;3;2;2;5;5;4;4;4;3;2;4;4;3;3;3;4;3;3;2;3;3;3;3;3;2;1;4;3;4;3;3;4;2;1;4;3;3;4;3;4;3;3;2;2;3;3;1;1;1;2;2;3;1;2;2;2;2;3;3;3;2;2;2;4;2;3;3;2;2;4;3;3;1;3;2;3;2;3;30;26;31;30;17;15;16;16;53;25;3,33333333333333;2,6;3,1;3;1,7;2,5;2,66666666666667;2,66666666666667;2,5;3,125;4,41666666666667
645;13;,75;48;4;10;2;1;2;6; ;1;4; ;2;1;1;2; ; ;5; ;2;1;2;1;2;2;2; ; ; ; ; ; ; ; ; ; ; ;3;5;1;4;5;1;5;4;5;2;3;4;3;2;5;3;4;3;2;1;4;4;4;3;4;4;3;3;3;4;4;4;3;3;4;3;2;4;3;3;4;3;3;3;3;4;1;1;4;4;4;4;3;3;3;4;1;3;4;3;2;3;3;2;4;4;3;3;4;2;3;3;2;3;3;2;2;2;3;2;4;3;4;4;2;4;4;4;3;3;2;2;32;33;30;32;30;16;16;22;42;23;3,55555555555556;3,3;3;3,2;3;2,66666666666667;2,66666666666667;3,66666666666667;2,5;2,875;3,5
671;13;1,43;43;4;10;2;1;1;6; ;2;4; ;5;4;4;2; ; ;2; ;1;1;2;1;1;1;2;2;1;1;2;2;1;1;1;1;1;1;4;2;4;3;4;4;5;3;4;4;4;4;1;2;5;5;1;2;4;2;4;4;2;3;4;4;2;2;4;4;2;3;1;3;3;1;3;3;4;1;1;1;3;2;2;2;1;3;1;1;3;3;4;3;1;3;1;4;1;3;2;2;3;2;2;2;1;3;3;3;3;3;3;3;3;3;3;3;3;3;3;2;1;2;2;3;2;2;2;3;2;3;29;24;17;26;23;18;17;12;45;22;3,22222222222222;2,4;1,7;2,6;2,3;3;2,83333333333333;2;2,5;2,75;3,75
699;13;,71;26;4;10;2;1;2;6; ;1;2; ;4;3;4;2; ; ;4; ;2;1;2;1;2;2;1;6;1;2;2;2;1;2;1;1;2;2;4;4;3;4;4;3;4;3;5;3;4;5;3;2;4;4;4;3;3;4;3;4;3;2;3;3;3;3;2;2;4;4;3;3;3;4;4;4;2;2;4;3;3;2;2;2;2;2;3;3;4;4;4;4;3;4;3;3;3;3;3;3;3;3;3;3;3;3;3;3;3;2;2;3;2;1;2;2;2;2;2;2;3;3;3;3;1;3;2;2;3;3;25;33;26;35;30;13;12;16;46;27;2,77777777777778;3,3;2,6;3,5;3;2,16666666666667;2;2,66666666666667;2,5;3,375;3,83333333333333
729;13;,88;35;4;10;2;1;1;1; ;1;4; ;5;2;5;3; ; ;1; ;1;2;1;1;1;1;1;2;1;2;1;1;1;2;1;1;1;1;5;4;4;5;5;3;4;5;5;5;4;5;3;3;2;1;2;3;4;3;4;4;4;3;2;4;1;4;4;4;3;3;3;2;3;2;2;3;3;2;4;3;3;3;3;3;4;2;3;4;4;3;4;3;3;4;3;3;3;4;2;2;2;1;4;2;2;1;2;2;4;3;3;3;4;2;3;4;2;2;3;2;1;2;3;2;2;2;2;3;2;3;32;26;32;34;20;19;16;12;54;21;3,55555555555556;2,6;3,2;3,4;2;3,16666666666667;2,66666666666667;2;2,5;2,625;4,5
746;13;1,08;21;4;10;2;1;2;8;Chemie;1;4; ;5;3;5;4; ; ;1; ;1;1;1;1;1;1;2;4;1;2;1;2;1;2;1;1;1;2;5;5;3;5;5;4;5;4;5;4;4;5;4;2;4;5;3;4;5;2;4;4;4;4;4;4;3;2;2;3;4;3;2;3;3;2;2;3;3;2;3;2;4;2;3;3;4;2;3;3;4;4;3;4;3;4;3;2;4;3;2;2;2;3;4;3;2;3;2;2;4;2;2;2;4;3;3;3;2;2;3;2;1;2;2;2;1;2;3;1;3;3;30;27;29;34;25;17;15;10;54;29;3,33333333333333;2,7;2,9;3,4;2,5;2,83333333333333;2,5;1,66666666666667;2,5;3,625;4,5
888;13;1,22;42;4;10;2;1;2;6; ;1;3; ;3;2;3;3; ; ;2; ;1;1;1;1;2;1;2;3;1;2;1;2;1;2;1;1;1;1;5;5;4;5;4;4;5;4;5;4;5;5;4;4;3;4;4;5;4;3;3;4;3;3;2;3;2;1;2;4;3;3;2;3;3;3;2;3;3;3;3;3;3;2;3;3;2;1;3;2;3;3;4;4;4;3;3;3;3;3;2;2;2;2;1;2;1;2;2;2;4;2;1;2;3;1;1;2;1;2;1;2;3;4;3;3;2;2;1;3;2;4;25;28;25;33;18;13;9;17;55;31;2,77777777777778;2,8;2,5;3,3;1,8;2,16666666666667;1,5;2,83333333333333;2,5;3,875;4,58333333333333
919;13;1,55;28;4;10;2;1;2;1; ;1;4; ;4;2;4;3; ; ;2; ;1;1;2;1;1;2;1;5;2;2;1;2;1;2;1;1;1;2;4;4;4;5;4;4;5;2;4;2;3;4;2;2;3;4;4;3;4;4;3;4;1;2;2;3;3;1;1;3;3;3;1;2;2;4;3;3;2;2;4;3;4;2;3;2;4;4;4;4;3;3;4;4;3;3;2;4;4;4;2;2;2;1;2;2;2;3;3;2;2;3;2;2;2;1;1;2;2;3;3;1;3;3;3;3;3;4;2;3;2;3;21;25;34;34;21;12;12;19;45;26;2,33333333333333;2,5;3,4;3,4;2,1;2;2;3,16666666666667;2,5;3,25;3,75
925;13;1,57;43;4;10;2;1;2;3; ;1;2; ;2;2;2;3; ; ;1; ;1;2;1;1;1;1;1;1;1;1;1;1;1;2;1;1;1;1;5;3;4;4;3;4;3;3;4;3;3;3;3;3;3;3;3;3;2;3;1;2;2;1;2;2;2;1;1;3;4;4;3;2;3;4;2;4;2;2;2;2;2;1;2;2;1;1;2;2;4;4;3;3;3;4;3;4;4;3;4;4;4;4;4;4;3;3;4;4;2;1;1;1;1;1;1;1;1;1;1;1;4;4;4;4;4;4;1;3;3;3;15;30;17;35;38;7;6;24;42;23;1,66666666666667;3;1,7;3,5;3,8;1,16666666666667;1;4;2,5;2,875;3,5
336;13;1,55;26;4;11;2;1;2;6; ;1;2; ;4;3;4;3; ; ;3; ;1;1;2;1;2;1;2;7;2;2;2;2;1;2;1;1;2;2;4;4;2;5;4;4;4;4;4;4;4;4;3;2;2;4;3;3;2;2;2;2;2;2;2;2;2;3;2;3;4;4;4;4;3;3;3;3;3;4;2;2;2;1;2;2;2;2;2;1;4;4;3;3;3;3;3;3;4;3;3;3;3;2;3;3;3;3;3;3;3;3;3;3;3;2;2;3;1;1;3;2;3;3;3;3;3;4;3;3;3;2;20;35;18;33;29;17;12;19;47;21;2,22222222222222;3,5;1,8;3,3;2,9;2,83333333333333;2;3,16666666666667;2,75;2,625;3,91666666666667
413;13;1,25;33;4;11;2;1;2;8;Lebensmittel;1;4; ;5;2;5;3; ; ;1; ;1;2;1;1;1;1;1;6;2;2;2;2;1;1;1;1;2;2;4;4;4;5;4;4;4;4;4;3;4;5;3;2;2;4;2;2;4;4;4;4;2;3;3;4;3;2;4;3;3;4;4;4;4;2;2;3;3;4;3;3;3;3;2;3;3;1;3;3;3;3;3;3;2;3;2;2;3;3;3;3;4;3;3;3;2;3;3;3;4;2;2;2;4;2;2;1;2;2;3;2;3;2;2;2;2;2;1;4;3;3;29;33;27;27;30;16;12;13;49;23;3,22222222222222;3,3;2,7;2,7;3;2,66666666666667;2;2,16666666666667;2,75;2,875;4,08333333333333
423;13;,71;34;4;11;2;1;2;7; ;1;4; ;1; ;3;2; ; ;2;2;2;1;2;1;1;1;1;2;1;1;2;1;1;1;1;1;1;2;3;3;2;4;2;3;4;4;4;4;2;2;2;2;1;3;2;2;2;2;2;3;2;2;3;3;2;3;2;2;2;2;1;2;3;3;3;3;2;2;3;2;2;2;3;4;2;1;2;2;4;3;3;4;2;4;3;3;3;4;3;4;2;3;3;2;2;3;2;4;2;2;2;2;2;2;1;1;1;1;2;1;3;4;3;4;4;4;3;2;3;3;21;23;23;33;28;12;7;22;37;16;2,33333333333333;2,3;2,3;3,3;2,8;2;1,16666666666667;3,66666666666667;2,75;2;3,08333333333333
454;13;,98;28;4;11;2;1;2;4; ;1;4; ;5;3;3;3; ; ;1; ;1;2;1;1;1;1;1;3;2;2;1;1;1;1;1;1;1;2;2;4;3;4;3;3;4;3;4;3;3;3;3;2;2;2;2;2;3;3;3;4;3;2;2;3;3;3;3;3;3;3;4;3;3;3;3;2;2;2;4;3;4;3;2;3;2;3;3;3;3;3;3;4;3;3;2;2;4;4;2;3;4;4;4;4;3;3;4;4;3;2;1;2;1;1;1;1;1;1;1;2;4;4;3;4;4;4;2;3;3;3;27;28;30;31;35;10;7;23;39;19;3;2,8;3;3,1;3,5;1,66666666666667;1,16666666666667;3,83333333333333;2,75;2,375;3,25
460;13;1,36;32;4;11;2;1;2;4; ;1;2; ;1; ;1;3; ; ;2;-1;2;1;1;1;2;1;1; ; ; ; ; ; ; ; ; ; ; ;2;3;4;3;3;4;4;4;4;3;2;3;2;2;3;1;2;2;2;2;3;3;3;2;1;3;4;2;2;3;4;4;1;3;3;4;3;4;2;2;3;4;4;2;4;4;3;2;3;3;4;4;4;4;3;3;4;3;4;4;4;4;4;4;4;4;3;4;4;4;2;1;1;2;1;3;1;2;1;1;1;1;3;4;3;2;3;4;1;4;3;3;25;30;32;37;39;10;7;19;39;16;2,77777777777778;3;3,2;3,7;3,9;1,66666666666667;1,16666666666667;3,16666666666667;2,75;2;3,25
462;13;1,28;36;4;11;2;1;2;8;Chemie;1;5;Industriefachwirt;5;1;5;3; ; ;2; ;1;1;1;1;1;2;2;1;1;1;1;1;1;1;1;1;1;2;2;4;4;5;4;4;5;4;4;2;4;4;3;2;4;2;4;4;2;3;3;3;3;2;2;3;1;2;2;3;3;3;2;2;3;3;3;3;2;2;4;3;3;2;4;4;3;3;4;4;3;3;3;3;3;3;3;2;3;3;3;2;2;2;2;2;1;2;2;2;3;2;2;2;3;2;1;3;2;2;2;2;2;3;3;3;2;3;2;2;4;3;22;26;34;29;20;14;12;16;46;24;2,44444444444444;2,6;3,4;2,9;2;2,33333333333333;2;2,66666666666667;2,75;3;3,83333333333333
472;13;1,09;29;4;11;2;1;1;2; ;1;4; ;4;3;3;1; ; ;5; ;2;1;2;1;2;2;2;2;1;1;2;1;1;2;1;1;1;1;5;5;5;5;5;5;5;4;5;4;5;5;3;2;2;2;2;3;2;1;3;4;4;3;3;4;3;4;3;4;3;4;1;3;4;4;3;2;3;1;3;4;3;2;1;2;3;2;3;2;4;4;4;3;3;4;2;3;4;3;2;2;4;3;4;3;3;3;3;3;4;3;1;2;4;1;4;3;3;2;3;1;3;3;2;3;3;3;2;4;2;3;32;28;25;34;30;15;16;17;58;17;3,55555555555556;2,8;2,5;3,4;3;2,5;2,66666666666667;2,83333333333333;2,75;2,125;4,83333333333333
509;13;1,48;25;4;11;2;1;2;4; ;1;4; ;3;1;3;3; ; ;2; ;1;1;1;1;2;1;2;3;1;2;1;1;1;1;1;1;2;2;3;4;1;5;4;4;5;4;4;3;4;4;2;2;4;4;3;4;4;4;4;4;3;4;3;4;4;4;4;4;4;3;3;2;4;4;3;3;3;3;4;4;4;3;2;2;3;3;4;4;4;4;4;4;3;4;3;4;4;4;2;2;3;1;3;2;2;2;2;1;3;3;2;3;1;1;2;3;3;3;3;3;4;4;4;2;3;2;2;3;3;3;35;32;33;38;20;13;17;19;45;27;3,88888888888889;3,2;3,3;3,8;2;2,16666666666667;2,83333333333333;3,16666666666667;2,75;3,375;3,75
549;13;,73;51;4;11;2;1;2;7; ;2;4; ;4;3;5;3; ; ;2; ;1;1;1;1;2;2;1;4;1;1;1;2;1;2;1;1;2;2;2;4;4;4;4;4;5;4;4;5;4;4;3;3;2;4;2;1;3;3;2;4;3;1;2;3;2;2;3;3;4;3;2;3;3;4;3;3;3;2;2;2;3;3;2;2;1;1;3;2;3;3;3;3;2;3;3;4;4;3;3;3;3;3;2;4;3;3;3;4;4;4;3;4;3;3;2;2;2;2;2;2;3;3;3;4;3;4;2;3;3;3;23;30;21;31;31;21;12;20;48;21;2,55555555555556;3;2,1;3,1;3,1;3,5;2;3,33333333333333;2,75;2,625;4
560;13;,82;66;4;11;2;1;1;7; ;2;4; ;4;2;3;2; ; ;4; ;2;1;2;1;2;2;1;5;2;1;2;1;1;2;1;1;2;2;3;5;4;5;5;4;5;5;5;1;5;5;3;2;2;3;3;3;3;3;2;3;4;2;3;3;4;4;4;3;4;3;3;3;2;2;2;2;2;1;3;1;3;2;3;3;2;2;2;2;3;3;3;3;3;4;3;2;4;2;3;3;2;4;4;4;2;3;4;3;4;4;3;3;3;1;1;1;1;2;2;2;3;4;3;4;4;3;3;2;2;4;29;24;23;30;32;18;9;21;52;22;3,22222222222222;2,4;2,3;3;3,2;3;1,5;3,5;2,75;2,75;4,33333333333333
590;13;1,13;27;4;11;2;1;2;2; ;2;2; ;5;2;5;4; ; ;2; ;2;1;1;1;1;1;2;5;1;2;2;1;1;2;1;1;2;2;2;4;4;5;4;4;5;4;5;4;4;5;2;2;2;4;1;4;4;3;4;4;4;3;4;4;4;4;4;4;3;4;1;3;3;4;3;2;3;2;3;4;4;3;2;3;3;2;4;4;3;3;3;4;3;3;3;2;4;3;1;2;3;2;3;2;1;2;2;2;3;3;2;2;2;1;2;2;3;2;3;3;3;4;3;3;2;3;2;3;3;3;35;28;32;31;20;13;15;18;50;22;3,88888888888889;2,8;3,2;3,1;2;2,16666666666667;2,5;3;2,75;2,75;4,16666666666667
593;13;,74;58;4;11;2;1;1;6; ;2;3; ;5;3;5;3; ; ;1; ;1;2;1;1;1;1;1;5;2;1;2;2;1;2;1;1;1;2;3;4;4;4;5;4;5;4;5;4;4;5;3;2;3;2;2;4;4;3;3;3;1;3;2;4;2;3;3;2;4;3;2;2;3;3;2;3;3;2;3;1;2;2;2;2;2;2;2;3;4;3;3;4;3;4;3;3;3;3;1;1;2;3;2;2;1;1;2;2;2;3;3;3;4;3;4;4;3;3;3;3;3;4;3;4;4;4;3;2;3;3;24;27;21;33;17;18;20;22;51;23;2,66666666666667;2,7;2,1;3,3;1,7;3;3,33333333333333;3,66666666666667;2,75;2,875;4,25
620;13;1,76;31;4;11;2;1;1;6; ;1;2; ;5;3;5;3; ; ;3; ;1;1;2;1;1;2;2;6;2;2;2;2;1;1;1;1;2;2;4;4;4;2;4;3;4;4;3;4;2;5;3;3;4;2;2;4;5;3;2;2;3;2;2;4;2;1;2;3;4;4;1;2;3;3;3;3;2;2;3;4;2;2;2;3;3;3;4;2;4;4;4;4;4;2;4;4;4;3;3;3;2;3;3;2;2;2;2;3;2;4;2;4;3;3;4;2;2;2;3;1;3;2;3;3;3;3;2;3;2;4;21;27;28;37;25;18;14;17;43;26;2,33333333333333;2,7;2,8;3,7;2,5;3;2,33333333333333;2,83333333333333;2,75;3,25;3,58333333333333
622;13;1;42;4;11;2;1;1;5; ;2;4; ;5;4;5;3; ; ;2; ;1;1;2;1;1;1;2;5;2;2;2;1;2;1;1;1;2;1;4;4;4;4;4;4;4;4;4;4;4;4;2;4;4;4;4;4;3;2;2;3;3;2;3;3;2;3;3;3;2;3;2;3;3;3;2;3;3;3;3;3;3;2;3;3;3;3;3;3;3;3;3;3;3;3;3;3;3;3;2;2;2;2;3;2;1;2;2;2;2;2;2;2;2;1;1;2;1;2;2;2;3;3;3;3;3;3;2;3;3;3;24;27;29;30;20;11;10;18;48;27;2,66666666666667;2,7;2,9;3;2;1,83333333333333;1,66666666666667;3;2,75;3,375;4
675;13;,94;39;4;11;2;1;1;7; ;2;4; ;2;2;1;1; ;Gar keine. Bleibt einfach weg mit dem Scheiß!;1; ;1;1;1;2;1;1;1; ; ; ; ; ; ; ; ; ; ; ;2;2;1;1;1;1;1;2;1;1;1;2;2;1;2;1;1;1;1;1;2;3;2;2;4;3;1;4;4;4;4;4;3;3;4;4;4;4;3;2;3;2;3;1;3;2;3;2;3;2;4;4;4;4;4;4;4;4;2;3;2;2;3;2;3;2;1;2;1;2;2;1;1;1;1;1;1;3;2;2;4;4;4;4;3;3;4;3;2;4;3;2;25;35;24;37;20;7;16;21;16;10;2,77777777777778;3,5;2,4;3,7;2;1,16666666666667;2,66666666666667;3,5;2,75;1,25;1,33333333333333
709;13;,91;28;4;11;2;1;2;4; ;1;2; ;5;1;4;3; ; ;2; ;1;1;1;1;2;1;2;4;1;1;1;2;1;2;1;1;2;2;4;4;4;4;5;4;5;2;4;4;4;3;3;4;4;3;2;4;3;4;3;3;2;3;2;4;2;2;2;2;4;3;1;3;3;3;3;4;3;2;2;2;3;2;2;2;2;2;3;3;4;4;4;3;3;3;3;3;3;3;3;3;3;3;3;3;2;3;3;2;3;3;3;3;4;2;2;2;2;3;3;2;4;4;3;3;4;4;2;3;3;3;23;29;23;33;28;18;14;22;47;27;2,55555555555556;2,9;2,3;3,3;2,8;3;2,33333333333333;3,66666666666667;2,75;3,375;3,91666666666667
716;13;1,3;36;4;11;2;1;1;6; ;1;4; ;5;3;5;2; ; ;1; ;1;1;1;1;1;1;2;7;2;2;2;2;1;2;1;1;2;2;5;5;5;5;5;5;5;5;5;3;5;5;5;5;5;4;5;5;5;4;4;4;2;4;4;4;4;3;4;4;4;4;4;4;4;2;4;3;2;4;3;4;4;3;2;3;3;1;4;4;2;3;2;3;3;3;1;2;3;3;1;1;1;1;2;3;2;1;2;2;4;2;2;3;4;1;1;1;1;1;3;3;3;1;1;3;1;2;2;3;2;4;33;35;31;25;16;16;10;11;58;38;3,66666666666667;3,5;3,1;2,5;1,6;2,66666666666667;1,66666666666667;1,83333333333333;2,75;4,75;4,83333333333333
718;13;,92;32;4;11;2;1;1;5; ;1;4; ;2;3;4;3; ; ;1; ;1;1;1;1;1;1;2;3;1;1;2;1;2;1;1;1;2;1;1;2;2;1;3;2;4;2;4;1;2;4;1;1;2;4;2;2;2;1;3;4;2;3;3;3;3;4;3;3;3;3;1;1;3;3;1;1;2;2;2;2;2;1;2;2;2;1;2;2;4;4;4;4;4;4;3;4;3;3;2;3;3;4;4;3;4;3;3;3;3;2;1;1;1;2;1;2;1;1;2;2;1;3;3;3;3;4;3;3;3;2;28;20;18;37;32;10;9;17;28;15;3,11111111111111;2;1,8;3,7;3,2;1,66666666666667;1,5;2,83333333333333;2,75;1,875;2,33333333333333
720;13;1,14;52;4;11;2;1;1;7; ;2;4; ;5;3;4;3; ; ;1; ;1;1;1;1;2;1;1;5;1;2;2;2;1;2;1;1;2;1;2;4;4;4;5;4;5;3;4;4;4;5;3;3;4;3;3;5;5;4;3;4;3;2;3;4;2;3;4;2;4;3;3;3;2;2;2;2;2;3;3;3;3;3;4;4;2;1;4;3;3;4;2;4;3;4;3;2;3;3;3;2;1;3;3;2;1;2;2;3;3;3;2;3;3;2;2;2;2;1;2;1;3;3;2;3;3;3;2;2;3;4;27;26;30;31;22;16;10;17;48;30;3;2,6;3;3,1;2,2;2,66666666666667;1,66666666666667;2,83333333333333;2,75;3,75;4
763;13;1,17;31;4;11;2;1;1;6; ;2;3; ;2;1;1;2; ; ;1; ;1;2;1;1;1;1;1; ; ; ; ; ; ; ; ; ; ; ;1;3;4;4;2;3;4;4;4;3;4;2;3;3;2;2;2;2;4;3;2;2;2;2;3;3;1;2;3;3;4;3;1;4;4;3;3;4;3;2;3;3;3;2;3;3;2;4;3;3;3;4;3;3;3;3;2;3;2;2;2;2;3;3;4;2;3;2;2;3;2;2;2;2;2;2;3;2;2;2;3;2;3;4;3;3;3;3;3;2;3;3;20;31;29;28;26;12;14;19;38;21;2,22222222222222;3,1;2,9;2,8;2,6;2;2,33333333333333;3,16666666666667;2,75;2,625;3,16666666666667
773;13;,81;37;4;11;2;1;1;3; ;2;2; ;3;3;4;3; ; ;1; ;1;1;1;1;1;1;2;5;1;2;2;1;1;2;1;1;2;2;2;4;4;5;5;5;5;2;4;4;4;5;3;2;4;3;1;3;2;3;3;4;1;3;4;4;2;3;4;3;3;3;2;3;4;3;2;3;2;2;3;3;2;3;3;3;1;1;4;3;3;3;3;3;3;3;2;3;4;4;2;2;1;2;2;1;1;2;1;2;4;2;2;3;3;2;3;3;2;2;3;2;2;3;2;2;2;2;3;3;3;2;27;27;26;31;16;16;15;13;49;21;3;2,7;2,6;3,1;1,6;2,66666666666667;2,5;2,16666666666667;2,75;2,625;4,08333333333333
783;13;,53;41;4;11;2;1;1;2; ;2;4; ;3;3;2;3; ; ;1; ;1;2;1;1;1;1;1;2;1;2;1;1;1;2;1;1;1;1;4;4;2;4;4;3;4;4;4;2;4;3;4;2;4;3;3;3;3;4;3;3;2;2;2;3;1;1;2;2;2;2;2;2;2;1;2;2;3;3;2;2;3;2;2;2;3;2;1;2;2;3;2;3;2;2;2;1;3;3;2;2;2;2;2;1;2;2;2;2;3;3;2;3;3;2;2;2;2;2;2;3;3;3;2;3;3;3;3;3;2;3;19;21;21;23;19;16;13;17;42;26;2,11111111111111;2,1;2,1;2,3;1,9;2,66666666666667;2,16666666666667;2,83333333333333;2,75;3,25;3,5
808;13;1,15;38;4;11;2;1;2;6; ;1;2; ;2;1;2;3; ; ;2; ;1;1;2;1;2;1;1;5;1;1;1;2;1;2;1;2;2;2;3;4;1;4;4;3;4;2;4;3;3;4;3;3;3;4;3;3;2;2;3;4;1;2;4;2;1;2;2;4;4;4;2;4;3;2;3;3;2;2;4;4;3;3;4;4;3;2;4;3;4;4;4;3;3;4;3;3;3;3;2;2;2;4;4;3;2;2;3;2;4;4;2;3;3;2;2;3;2;2;3;3;3;4;3;3;3;3;3;3;1;4;21;29;34;34;26;18;15;19;39;23;2,33333333333333;2,9;3,4;3,4;2,6;3;2,5;3,16666666666667;2,75;2,875;3,25
346;13;1,14;34;4;12;2;1;1;7; ;2;3; ;3;2;3;2; ; ;2; ;1;1;1;1;2;1;2;3;1;2;1;2;1;2;1;1;1;1;4;4;4;5;4;4;4;3;4;3;3;4;3;3;4;4;3;2;3;2;3;3;3;3;2;3;3;3;3;3;3;3;2;3;3;2;3;4;3;2;3;3;3;3;2;2;3;2;3;3;4;3;3;3;3;3;2;2;3;3;2;2;3;3;4;2;2;3;2;2;3;3;3;3;3;3;2;3;2;3;3;3;3;3;3;3;3;3;3;3;3;3;27;28;27;29;25;18;16;18;46;24;3;2,8;2,7;2,9;2,5;3;2,66666666666667;3;3;3;3,83333333333333
350;13;1,16;20;4;12;2;1;2;8;Handwerk im Büro;2;4; ;4;2;3;3; ; ;1; ;1;2;1;1;1;1;1;3;1;1;1;1;1;2;1;1;2;2;3;4;4;5;4;4;5;2;4;4;4;4;3;2;2;5;2;4;5;3;3;3;3;3;3;3;1;1;1;1;3;2;2;3;3;2;2;2;2;2;4;3;4;1;4;4;4;1;3;4;4;4;4;3;4;4;2;4;4;4;3;2;3;4;3;3;3;2;3;3;2;1;2;1;1;1;1;1;1;2;1;2;2;4;4;4;3;4;3;2;4;3;19;23;32;37;29;8;8;21;47;26;2,11111111111111;2,3;3,2;3,7;2,9;1,33333333333333;1,33333333333333;3,5;3;3,25;3,91666666666667
362;13;,95;32;4;12;2;1;2;7; ;1;4; ;3;1;3;1; ; ;4; ;2;1;2;1;2;1;2;2;1;1;1;1;1;2;1;1;1;2;4;4;4;3;4;4;4;3;5;4;4;4;3;1;3;5;1;4;5;2;2;4;1;4;4;3;3;4;2;3;4;3;2;3;4;4;2;3;2;2;3;2;3;1;2;3;2;1;3;2;3;3;3;2;3;3;3;3;4;2;3;3;4;4;3;3;4;3;4;3;4;2;1;1;3;1;1;1;1;1;1;2;4;4;4;4;4;4;3;2;4;3;26;29;22;29;34;12;7;24;47;24;2,88888888888889;2,9;2,2;2,9;3,4;2;1,16666666666667;4;3;3;3,91666666666667
382;13;1,49;32;4;12;2;1;2;4; ;1;3; ;2;3;2;3; ; ;1; ;1;2;1;1;1;1;1;3;1;1;1;2;1;2;1;1;1;2;1;3;3;3;2;3;3;2;3;3;3;2;4;3;3;4;3;3;3;3;2;3;1;1;2;2;1;1;2;3;4;4;4;4;3;3;4;3;3;3;3;3;2;1;3;2;1;1;3;3;4;4;4;4;4;4;2;4;3;3;2;2;1;3;3;2;1;1;2;2;3;1;2;2;3;1;2;2;1;2;2;2;3;4;4;3;4;4;3;2;3;4;16;35;22;36;19;12;11;22;31;26;1,77777777777778;3,5;2,2;3,6;1,9;2;1,83333333333333;3,66666666666667;3;3,25;2,58333333333333
390;13;1,38;26;4;12;2;1;2;1; ;2;3; ;4;3;1;2; ; ;1; ;1;2;1;1;1;1;1; ; ; ; ; ; ; ; ; ; ; ;1;3;3;4;4;4;4;3;4;2;2;1;2;2;2;1;1;2;1;3;2;2;2;2;4;3;2;2;3;2;3;4;1;4;4;2;4;3;3;3;2;4;2;3;2;1;1;1;2;2;3;4;4;3;4;4;2;3;2;2;1;1;2;4;2;3;2;3;2;1;3;2;2;3;2;1;1;1;1;1;2;1;4;3;2;4;2;4;3;3;2;4;20;31;20;31;21;13;7;19;35;14;2,22222222222222;3,1;2;3,1;2,1;2,16666666666667;1,16666666666667;3,16666666666667;3;1,75;2,91666666666667
458;13;1,56;35;4;12;2;1;2;6; ;2;4; ;4;1;4;4;Übersetzung; ;2; ;1;1;1;1;2;1;2;3;1;2;1;1;1;1;2;1;2;1;4;5;4;5;5;5;5;5;5;5;3;4;3;3;4;2;2;2;3;2;2;2;1;2;3;2;2;3;2;4;4;4;2;2;4;4;4;4;2;3;2;3;1;3;1;3;1;1;3;2;4;3;4;3;2;4;2;3;4;3;3;3;3;3;4;3;3;3;3;3;4;3;2;3;3;1;3;3;2;2;4;2;4;4;4;4;4;4;1;4;4;3;20;33;20;32;31;16;16;24;55;21;2,22222222222222;3,3;2;3,2;3,1;2,66666666666667;2,66666666666667;4;3;2,625;4,58333333333333
537;13;1;30;4;12;2;1;2;8;Beratungsfirma;1;2; ;3;1;4;3; ; ;1; ;1;2;1;1;1;1;1;1;1;1;1;1;1;2;1;1;1;1;2;3;2;4;2;4;4;4;4;4;4;4;4;4;4;4;4;4;4;2;3;3;2;3;1;3;3;3;2;2;2;2;2;2;3;2;2;2;2;2;3;3;3;2;3;4;2;1;3;3;3;3;3;4;3;3;3;3;4;3;2;2;2;2;2;2;2;2;2;2;2;2;2;2;2;2;2;3;2;2;2;2;3;4;3;3;3;3;3;3;3;3;24;21;27;32;20;12;13;19;41;30;2,66666666666667;2,1;2,7;3,2;2;2;2,16666666666667;3,16666666666667;3;3,75;3,41666666666667
539;13;1,11;34;4;12;2;1;1;5; ;1;4; ;5;3;5;3; ; ;1; ;1;2;1;1;1;1;1;4;1;1;1;1;2;2;1;2;2;1;4;4;3;4;4;2;3;4;4;4;3;4;3;3;3;4;2;4;3;3;3;3;2;4;4;3;2;2;3;4;3;3;2;3;4;4;3;3;3;2;4;4;4;2;4;4;2;2;3;4;3;3;4;4;3;3;2;3;4;4;3;2;2;4;3;2;1;1;1;3;2;2;1;2;1;1;1;2;1;1;2;1;3;3;2;4;2;4;3;4;3;2;26;30;33;33;22;9;8;18;43;25;2,88888888888889;3;3,3;3,3;2,2;1,5;1,33333333333333;3;3;3,125;3,58333333333333
541;13;1,05;20;4;12;2;1;2;2; ;1;1; ;3;2;3;3; ; ;1; ;1;2;1;1;1;1;1;1;1;1;1;1;1;2;1;1;1;1;2;4;5;5;4;4;4;3;4;3;2;2;3;2;2;4;4;2;4;3;2;4;4;1;4;2;2;1;1;4;3;3;2;2;4;4;2;4;2;2;2;4;4;2;2;3;1;1;4;4;3;3;3;3;3;3;2;4;4;4;3;4;4;4;4;4;4;4;3;4;3;2;2;2;2;3;1;3;2;2;2;1;4;4;3;3;2;3;2;2;4;4;21;28;27;32;38;14;11;19;42;24;2,33333333333333;2,8;2,7;3,2;3,8;2,33333333333333;1,83333333333333;3,16666666666667;3;3;3,5
585;13;,94;21;4;12;2;1;3;8;freie Trägerschaft;1;4; ;1; ;1;1; ; ;1;2;1;2;1;1;1;1;1; ; ; ; ; ; ; ; ; ; ; ;3;2;2;1;1;1;4;2;2;2;1;1;1;1;1;2;1;1;1;2;2;4;2;3;3;4;4;3;4;3;4;4;3;3;4;4;3;4;3;2;2;2;2;2;1;3;2;2;3;2;4;3;4;3;3;3;3;2;3;1;3;4;3;4;4;4;3;3;2;4;4;4;2;3;2;1;3;3;2;2;2;3;4;4;3;4;4;4;2;3;3;4;29;34;21;29;34;16;15;23;22;10;3,22222222222222;3,4;2,1;2,9;3,4;2,66666666666667;2,5;3,83333333333333;3;1,25;1,83333333333333
610;13;1,07;34;4;12;2;1;1;8;Chemie-Industrie;2;4; ;3;3;4;2; ; ;4; ;1;1;2;1;2;2;2;6;1;1;2;2;2;2;1;2;1;2;3;4;3;5;5;5;5;3;5;3;4;5;2;1;5;4;4;5;2;5;4;4;1;3;4;3;1;4;4;4;4;4;2;1;3;1;1;2;2;1;2;3;2;1;1;1;1;2;2;3;4;4;3;4;4;4;2;4;4;4;2;1;2;3;3;1;1;2;3;1;3;2;2;2;3;1;3;3;1;2;3;1;3;3;2;3;3;3;3;3;3;3;28;21;18;37;19;13;13;17;50;28;3,11111111111111;2,1;1,8;3,7;1,9;2,16666666666667;2,16666666666667;2,83333333333333;3;3,5;4,16666666666667
621;13;1,48;34;4;12;2;1;1;5; ;1;2; ;5;3;5;2; ; ;5; ;2;1;2;1;2;2;2;8;2;2;2;2;2;2;1;1;2;2;5;5;5;5;5;5;5;5;5;5;4;5;1;2;3;2;1;1;2;1;3;3;2;4;3;3;2;3;3;2;3;3;4;3;4;2;3;4;3;3;4;2;3;1;3;2;3;1;3;3;4;4;3;3;3;4;2;3;4;3;3;3;4;3;4;4;4;3;4;4;4;3;3;2;3;1;1;2;2;1;3;1;4;3;3;4;3;3;3;3;2;4;25;32;25;33;36;16;10;20;59;13;2,77777777777778;3,2;2,5;3,3;3,6;2,66666666666667;1,66666666666667;3,33333333333333;3;1,625;4,91666666666667
648;13;,83;38;4;12;2;1;1;5; ;1;4; ;5;3;3;1; ; ;1; ;1;1;1;1;1;1;2;7;2;2;2;1;2;2;1;1;2;2;4;4;1;5;5;1;5;5;5;2;3;5;1;1;5;4;2;5;5;1;3;4;2;3;4;4;3;4;4;4;3;3;3;4;4;1;3;1;4;2;2;3;3;1;1;2;1;3;2;3;3;3;3;2;2;3;2;3;4;3;1;1;2;2;4;3;3;1;1;1;4;1;1;1;4;1;3;4;4;3;3;2;2;3;1;4;3;3;3;3;3;3;31;28;21;28;19;12;19;16;45;24;3,44444444444444;2,8;2,1;2,8;1,9;2;3,16666666666667;2,66666666666667;3;3;3,75
658;13;1,21;46;4;12;2;1;1;6; ;2;4; ;5;3;5;2; ; ;2; ;1;1;1;1;1;2;2;5;1;2;2;2;1;2;1;1;2;1;4;5;5;5;5;5;5;4;5;5;4;5;1;1;4;3;4;5;5;3;4;4;2;4;4;4;3;4;3;4;3;3;1;3;3;2;2;2;1;1;3;2;3;4;4;3;2;1;3;2;3;3;3;3;2;3;1;2;3;2;2;3;4;2;4;2;1;3;2;3;4;4;3;4;4;4;4;4;4;3;4;2;1;1;1;1;1;1;2;3;3;4;32;21;27;25;26;23;21;6;57;26;3,55555555555556;2,1;2,7;2,5;2,6;3,83333333333333;3,5;1;3;3,25;4,75
679;13;,65;37;4;12;2;1;2;6; ;1;4; ;3;2;2;3; ; ;1; ;1;1;1;1;2;1;1;2;1;1;2;1;1;1;1;1;1;2;5;4;4;5;4;4;5;5;5;3;3;4;4;3;5;4;4;4;4;4;3;3;3;3;2;4;2;1;1;3;4;4;3;3;2;1;3;3;2;3;4;3;4;2;4;4;3;1;3;3;4;4;3;4;4;3;4;3;4;3;1;2;2;2;2;2;1;2;2;2;3;3;2;2;3;2;1;2;1;1;1;2;3;4;3;3;3;3;3;2;3;4;23;28;31;36;18;15;8;19;51;32;2,55555555555556;2,8;3,1;3,6;1,8;2,5;1,33333333333333;3,16666666666667;3;4;4,25
702;13;,23;57;4;12;2;1;2;3; ;1;2; ;1; ;1;3; ; ;1;-1;1;2;1;1;1;1;1; ; ; ; ; ; ; ; ; ; ; ;1;5;4;5;2;5;5;4;4;4;4;2;3;2;1;1;1;1;1;1;2;2;1;3;2;3;1;1;1;2;4;3;2;3;2;3;2;3;2;2;3;1;2;2;3;3;3;1;2;2;3;3;4;4;3;3;2;3;3;3;2;2;2;3;3;2;2;2;3;3;3;2;2;2;2;1;1;2;2;2;1;2;3;4;3;3;3;4;3;3;3;3;16;26;22;31;24;12;10;20;45;11;1,77777777777778;2,6;2,2;3,1;2,4;2;1,66666666666667;3,33333333333333;3;1,375;3,75
754;13;1,22;28;4;12;2;1;1;1; ;1;4; ;4;2;4;3; ; ;1; ;1;2;1;1;1;1;1;4;2;1;2;1;2;1;1;1;1;2;1;5;1;4;5;5;4;2;4;4;4;3;5;1;3;3;2;5;5;2;3;2;1;3;1;3;1;2;4;2;3;2;1;2;4;2;2;4;3;2;2;1;1;1;1;1;1;1;2;1;1;1;2;4;2;4;4;1;2;1;2;2;3;4;4;2;3;4;2;2;4;1;1;1;4;1;1;1;2;1;2;2;3;3;1;3;1;2;2;4;2;4;21;25;12;22;28;12;9;13;42;26;2,33333333333333;2,5;1,2;2,2;2,8;2;1,5;2,16666666666667;3;3,25;3,5
757;13;,49;27;4;12;2;1;1;8;Bauwesen;1;2; ;2;2;1;3; ; ;2; ;2;1;2;1;1;1;1; ; ; ; ; ; ; ; ; ; ; ;4;4;4;4;3;4;4;3;4;2;4;3;3;2;3;3;2;5;1;3;2;4;2;2;3;3;1;2;1;3;4;4;2;2;2;2;3;3;2;2;4;4;3;2;3;4;3;1;4;3;4;3;3;4;3;3;2;2;3;3;2;2;3;4;2;3;2;3;2;2;3;2;2;2;2;1;1;2;2;1;2;1;4;3;2;3;4;4;2;3;3;4;20;26;31;30;25;12;9;20;43;22;2,22222222222222;2,6;3,1;3;2,5;2;1,5;3,33333333333333;3;2,75;3,58333333333333
774;13;1,17;39;4;12;2;1;1;8;Immobilien und Energie;2;4; ;5;1;5;4; ; ;2; ;2;1;2;1;1;1;1;3;2;1;2;1;1;2;1;1;1;1;3;4;5;5;5;5;5;3;4;3;4;5;3;2;3;2;2;4;3;5;4;4;4;3;4;4;3;1;3;4;4;4;1;4;4;4;3;4;3;2;4;4;4;2;2;4;4;4;4;4;4;4;4;4;3;4;2;3;4;3;1;1;2;1;4;2;1;1;1;1;3;3;2;3;2;1;1;4;1;1;4;1;2;4;2;1;1;3;2;4;3;3;30;33;36;35;15;14;12;13;51;24;3,33333333333333;3,3;3,6;3,5;1,5;2,33333333333333;2;2,16666666666667;3;3;4,25
784;13;1,22;32;4;12;2;1;1;8;Telekommunikation;1;4; ;4;3;4;3; ; ;1; ;1;1;1;1;2;1;1;3;1;1;1;1;1;2;1;1;2;2;3;4;4;4;4;4;4;4;4;3;5;4;4;3;4;4;3;4;5;4;3;3;4;2;3;3;1;1;1;3;4;4;2;3;4;3;2;4;3;3;3;3;3;2;2;2;3;3;2;3;3;4;3;3;4;4;2;3;3;3;2;2;2;3;3;2;2;3;3;2;3;2;1;3;3;1;1;2;1;1;2;2;3;4;3;2;2;3;2;3;3;4;21;32;26;32;24;13;9;17;47;31;2,33333333333333;3,2;2,6;3,2;2,4;2,16666666666667;1,5;2,83333333333333;3;3,875;3,91666666666667
792;13;1,22;27;4;12;2;1;2;6; ;1;2; ;3;1;2;2; ; ;1; ;1;1;1;1;1;2;1;1;1;1;1;1;1;1;1;1;1;2;4;4;3;5;4;4;4;4;4;3;3;3;3;3;3;2;3;2;2;2;3;3;2;2;3;3;2;2;2;3;3;3;3;3;3;3;3;3;3;2;4;3;3;3;3;3;3;2;4;3;3;3;3;3;3;3;2;4;4;3;3;3;3;3;4;4;3;3;3;3;3;3;3;4;3;3;3;3;3;3;3;2;3;3;3;3;3;3;3;3;3;3;22;29;31;31;32;19;17;18;45;20;2,44444444444444;2,9;3,1;3,1;3,2;3,16666666666667;2,83333333333333;3;3;2,5;3,75
913;13;1,55;32;4;12;2;1;2;6; ;1;4; ;5;3;3;3; ; ;3; ;1;1;2;1;2;1;2;2;1;1;1;1;1;2;1;1;1;2;2;4;4;4;4;4;4;4;4;4;4;4;4;2;4;4;4;4;4;4;3;3;2;2;2;3;1;2;2;3;2;2;2;2;2;3;4;3;2;2;3;2;3;2;2;2;2;2;2;2;4;3;3;3;3;3;3;2;2;3;3;3;3;3;3;3;3;3;3;3;3;3;2;3;3;2;2;2;2;2;2;2;3;3;2;3;3;3;3;3;3;3;21;24;22;29;30;16;12;17;46;30;2,33333333333333;2,4;2,2;2,9;3;2,66666666666667;2;2,83333333333333;3;3,75;3,83333333333333
914;13;1,44;50;4;12;2;1;1;1; ;2;3; ;5;2;5;4; ; ;1; ;1;2;1;1;1;1;1;4;1;2;2;1;1;2;1;1;1;2;4;5;4;4;4;4;5;4;5;4;4;5;3;1;4;3;1;4;4;5;3;3;2;3;2;4;3;3;4;2;4;3;2;2;3;3;2;3;3;2;3;1;2;3;2;2;2;2;3;2;4;3;3;4;2;3;4;2;2;4;2;3;1;3;2;2;1;1;2;2;3;3;2;3;3;3;3;4;3;3;3;2;3;3;3;3;3;4;3;3;3;3;27;27;22;31;19;17;18;19;52;25;3;2,7;2,2;3,1;1,9;2,83333333333333;3;3,16666666666667;3;3,125;4,33333333333333
923;13;1,53;36;4;12;2;1;1;6; ;1;2; ;5;3;4;3; ; ;1; ;2;1;1;1;1;1;1;6;1;2;2;2;1;2;1;1;2;2;5;4;4;4;5;4;4;4;4;4;4;4;4;2;4;4;4;4;4;4;2;3;2;2;2;3;3;2;3;3;3;3;3;3;3;3;3;3;3;3;3;2;2;2;2;2;2;2;2;2;2;3;3;3;2;3;2;3;2;2;2;2;2;2;2;2;2;2;2;3;3;2;2;3;3;2;2;2;2;2;2;2;3;3;3;3;3;3;3;3;3;3;23;30;21;25;21;15;12;18;50;30;2,55555555555556;3;2,1;2,5;2,1;2,5;2;3;3;3,75;4,16666666666667
421;13;,91;34;4;13;2;1;1;7; ;1;3; ;4;3;3;3; ; ;2; ;1;1;2;1;1;2;1;4;1;2;1;2;1;2;1;1;1;2;4;4;1;4;4;2;4;3;4;4;2;4;1;2;2;2;2;2;3;1;2;3;2;2;3;3;2;4;3;3;4;3;1;3;3;3;3;2;3;2;2;1;2;2;2;2;2;2;3;2;3;2;3;3;3;3;2;2;3;2;3;3;3;4;4;3;3;3;2;3;4;3;2;3;3;2;1;2;2;1;2;2;3;4;3;4;4;4;3;4;3;3;24;27;20;26;31;17;10;22;40;15;2,66666666666667;2,7;2;2,6;3,1;2,83333333333333;1,66666666666667;3,66666666666667;3,25;1,875;3,33333333333333
540;13;,85;30;4;13;2;1;1;6; ;1;2; ;4;3;4;4; ; ;1; ;1;2;1;1;1;1;1;7;1;2;1;2;2;2;1;2;2;2;3;5;4;5;5;4;5;5;5;4;4;3;3;2;1;1;3;2;3;4;2;3;1;1;3;2;1;1;1;2;4;3;1;2;2;3;2;3;2;2;2;3;2;1;3;2;2;3;3;3;4;4;4;4;4;4;4;4;4;3;2;3;3;2;3;3;2;3;3;3;2;1;1;3;2;3;1;1;2;1;2;1;3;4;4;3;3;3;1;4;4;4;14;24;24;39;27;12;8;20;52;19;1,55555555555556;2,4;2,4;3,9;2,7;2;1,33333333333333;3,33333333333333;3,25;2,375;4,33333333333333
587;13;,74;26;4;13;2;1;2;8;Eventmanagement, Versicherubgsbranche;2;4; ;5;3;5;4; ;Es wird vieles davon schon angeboten :) Schulungen, Zugänge, use-cases;1; ;1;1;1;2;1;1;1;4;1;2;1;1;1;2;1;1;2;2;4;5;2;5;4;4;4;2;5;2;4;4;5;4;5;4;4;4;4;4;2;3;4;3;2;3;3;2;2;2;4;3;4;4;3;1;3;2;2;1;4;4;4;4;4;3;2;1;4;3;3;3;3;4;4;4;3;2;4;4;2;1;2;2;2;3;1;2;2;2;2;3;1;2;3;1;1;2;1;1;3;1;4;4;1;4;1;3;4;2;3;4;24;27;33;34;19;12;9;17;45;34;2,66666666666667;2,7;3,3;3,4;1,9;2;1,5;2,83333333333333;3,25;4,25;3,75
606;13;1,3;34;4;13;2;1;1;3; ;1;2; ;2;3;1;1; ; ;1; ;1;2;1;1;1;1;1; ; ; ; ; ; ; ; ; ; ; ;1;1;1;1;1;1;1;1;1;1;1;1;1;1;3;1;1;2;5;1;4;4;3;3;4;4;3;4;4;4;2;4;1;1;3;1;4;2;3;3;2;1;4;3;2;3;3;1;2;2;4;3;3;3;1;4;1;1;4;3;2;2;4;4;1;2;2;3;4;2;4;2;1;1;4;4;1;2;3;1;2;1;2;4;2;2;3;4;1;4;4;4;33;24;23;27;26;16;10;17;12;15;3,66666666666667;2,4;2,3;2,7;2,6;2,66666666666667;1,66666666666667;2,83333333333333;3,25;1,875;1
611;13;1,13;32;4;13;2;1;1;5; ;2;4; ;4;3;3;4; ; ;1; ;1;2;1;1;1;1;1;3;1;2;1;1;1;2;1;1;1;2;1;5;4;5;5;4;5;5;5;4;4;5;4;1;2;5;2;2;5;1;4;4;3;4;2;3;4;3;3;4;3;3;1;1;2;4;1;2;1;4;4;4;4;3;3;3;4;4;3;2;4;4;3;4;3;4;2;2;4;2;1;1;2;3;3;3;1;3;2;2;3;3;2;3;3;4;2;2;1;1;3;1;2;3;2;2;1;3;2;4;3;4;32;22;34;32;21;18;10;13;52;22;3,55555555555556;2,2;3,4;3,2;2,1;3;1,66666666666667;2,16666666666667;3,25;2,75;4,33333333333333
631;13;1,71;25;4;13;2;1;1;7; ;1;5;Bankfachwirt;1; ;1;4; ;Keine Implementierung von KI;1;1;1;1;1;2;1;1;1; ; ; ; ; ; ; ; ; ; ; ;1;2;2;1;1;2;4;1;3;2;1;1;2;2;2;5;1;1;1;3;2;3;1;1;4;4;2;3;4;4;4;4;1;3;4;2;4;4;2;3;2;3;3;2;1;1;1;3;2;3;4;4;3;3;2;4;3;2;3;4;2;2;2;2;3;2;1;1;1;2;4;2;1;1;3;1;4;3;2;2;3;2;3;3;3;3;2;3;3;4;3;3;24;31;21;32;18;12;16;17;21;17;2,66666666666667;3,1;2,1;3,2;1,8;2;2,66666666666667;2,83333333333333;3,25;2,125;1,75
636;13;1,54;35;4;13;2;1;1;8;Chemie;1;3; ;3;3;1;2; ;Solange es keine EU basierten Lösungen gibt, hat eine KI Anwendung in einem Europäischen Unternehmen nichts zu suchen. Stichwort Industriespionage;1; ;1;1;1;2;1;1;1; ; ; ; ; ; ; ; ; ; ; ;5;4;1;4;2;2;5;5;5;4;4;1;4;4;5;5;5;5;5;1;4;4;3;4;3;4;3;3;4;4;2;2;1;2;3;1;2;1;1;3;3;3;3;2;3;3;4;3;3;4;3;4;3;4;2;4;3;1;3;3;2;2;2;2;2;2;1;3;2;2;3;3;1;3;2;2;3;2;2;2;2;3;3;3;2;3;3;3;2;4;3;4;33;18;31;30;20;14;14;17;42;34;3,66666666666667;1,8;3,1;3;2;2,33333333333333;2,33333333333333;2,83333333333333;3,25;4,25;3,5
651;13;1,09;34;4;13;2;1;1;8;Dienstleistung;2;2; ;5;3;5;3; ; ;3; ;2;1;2;1;2;1;1;9;2;2;2;2;2;2;1;2;2;2;4;5;4;5;5;4;5;4;5;5;3;5;4;3;4;4;2;4;4;3;4;4;2;2;3;3;2;3;1;4;3;3;2;3;3;2;4;3;2;2;3;2;3;3;3;3;2;1;3;3;4;4;4;3;2;4;2;3;2;3;3;2;2;4;4;3;3;3;2;2;3;3;2;3;4;2;2;3;4;2;3;1;4;4;3;3;4;4;3;3;3;4;25;27;26;31;28;17;15;22;54;28;2,77777777777778;2,7;2,6;3,1;2,8;2,83333333333333;2,5;3,66666666666667;3,25;3,5;4,5
663;13;1,26;29;4;13;2;1;1;4; ;1;4; ;4;1;2;3; ; ;1; ;1;1;2;1;1;1;1;2;1;1;1;1;1;2;1;1;2;1;2;3;3;5;4;3;4;2;4;3;4;3;4;2;4;4;3;5;4;3;2;3;4;2;3;2;2;1;2;2;3;2;1;3;3;1;1;2;2;1;3;3;3;2;2;3;4;2;2;2;3;4;3;3;2;4;2;3;3;3;2;3;2;2;3;2;3;3;3;4;1;1;1;2;1;3;1;1;1;1;1;1;3;3;2;2;3;3;3;4;2;4;20;19;26;30;27;9;6;16;40;29;2,22222222222222;1,9;2,6;3;2,7;1,5;1;2,66666666666667;3,25;3,625;3,33333333333333
673;13;1,58;30;4;13;2;1;1;6; ;1;4; ;5;3;5;2; ; ;4; ;2;1;1;1;2;2;2;7;2;2;2;2;1;2;1;1;2;2;4;4;3;5;5;4;5;4;5;5;4;5;4;4;4;4;4;5;4;4;4;4;2;3;4;4;2;3;3;4;2;2;1;1;2;1;2;1;2;2;4;4;4;4;4;4;3;1;4;3;3;3;3;2;3;4;2;2;3;3;2;1;1;1;2;1;1;2;2;1;3;3;2;4;4;2;2;3;3;2;4;2;1;2;1;1;1;2;3;3;3;4;29;16;35;28;14;18;16;8;53;33;3,22222222222222;1,6;3,5;2,8;1,4;3;2,66666666666667;1,33333333333333;3,25;4,125;4,41666666666667
704;13;,91;31;4;13;2;1;1;8;Papier;2;3; ;5;3;5;3;Zu Aufbau von neuem Wissen( effiziente Einarbeitung in neuen Themenfelder);Optimierung der Prozesse (Sortierung von Outlook und Priorisierung meiner Arbeitsleistung, einem Künstlichen KI Kollegen den ich selbst trainieren kann das meine neuen Kollegen mir nicht so oft Fragen stellen die mein KI Agent beantworten könnte.;5; ;1;1;2;2;2;2;2;9;2;2;2;2;1;2;2;2;2;2;5;5;5;5;5;5;5;5;5;4;5;5;4;3;5;3;5;5;5;5;4;4;2;4;3;4;2;3;4;4;4;3;1;3;4;2;2;1;2;2;4;3;4;3;2;2;1;1;4;4;3;4;4;4;3;4;3;4;4;4;1;2;2;2;3;1;1;1;2;1;4;2;1;2;4;1;1;3;3;1;4;1;2;2;3;4;3;2;4;3;3;3;31;24;28;37;16;14;13;16;59;35;3,44444444444444;2,4;2,8;3,7;1,6;2,33333333333333;2,16666666666667;2,66666666666667;3,25;4,375;4,91666666666667
712;13;1,29;30;4;13;2;1;1;8;Baugewerbe;2;3; ;2;1;2;3; ; ;1; ;1;2;1;1;1;1;1;2;2;1;1;1;1;2;1;1;1;1;3;5;5;5;5;5;5;4;5;4;4;5;2;3;1;3;1;2;5;2;1;3;1;1;1;3;2;1;2;4;4;3;2;2;2;2;2;3;2;3;3;4;4;3;2;2;3;2;4;4;3;4;4;3;2;4;2;4;3;4;1;3;2;3;2;1;3;2;1;2;2;3;1;1;2;2;1;2;4;1;3;1;4;3;4;4;1;1;3;4;3;3;18;25;31;33;20;11;12;17;55;19;2;2,5;3,1;3,3;2;1,83333333333333;2;2,83333333333333;3,25;2,375;4,58333333333333
748;13;,95;27;4;13;2;1;1;8;Kunststoffverarbeitung;1;2; ;2;4;3;3; ; ;3; ;2;1;2;1;2;1;1;3;1;2;1;1;1;2;1;1;1;2;5;4;2;5;4;4;4;3;5;2;1;4;3;1;4;3;2;3;2;3;3;3;2;3;3;2;2;3;2;2;3;3;2;2;3;3;3;3;2;3;2;2;2;1;1;2;1;1;2;2;4;3;3;4;2;3;3;3;3;3;3;3;4;2;4;3;3;3;3;3;2;2;1;2;3;1;1;1;2;1;1;1;4;4;3;4;3;3;3;4;3;3;22;27;16;31;31;11;7;21;43;21;2,44444444444444;2,7;1,6;3,1;3,1;1,83333333333333;1,16666666666667;3,5;3,25;2,625;3,58333333333333
751;13;,77;24;4;13;2;1;1;6; ;1;2; ;3;1;2;3; ; ;2; ;1;1;1;1;2;1;2;3;2;1;1;1;1;2;1;1;1;2;4;5;3;5;4;4;5;4;5;3;1;4;2;1;2;3;1;1;3;1;2;3;2;2;2;3;2;2;3;4;3;3;3;2;3;2;3;2;2;1;3;2;3;2;1;2;3;2;1;1;3;3;3;4;2;4;2;3;3;2;3;3;3;3;4;2;3;3;2;4;3;3;2;2;3;2;1;2;2;2;1;1;3;4;4;4;4;3;2;4;3;4;23;24;20;29;30;15;9;22;47;14;2,55555555555556;2,4;2;2,9;3;2,5;1,5;3,66666666666667;3,25;1,75;3,91666666666667
771;13;1,06;32;4;13;2;1;1;7; ;1;5;Bachelor;4;1;2;2; ; ;1; ;1;1;1;1;1;1;2;2;1;1;1;1;1;2;1;1;1;2;1;4;1;5;5;1;4;4;5;4;4;4;5;2;5;1;2;5;5;5;4;4;1;4;4;4;1;1;1;3;4;3;2;2;1;1;1;4;2;1;4;3;4;1;4;1;2;1;4;4;3;4;4;4;4;3;2;3;3;3;1;1;2;3;4;1;1;3;1;2;3;4;4;1;4;3;1;1;3;1;3;1;1;4;3;4;4;4;3;3;3;4;23;21;28;33;19;19;10;20;42;30;2,55555555555556;2,1;2,8;3,3;1,9;3,16666666666667;1,66666666666667;3,33333333333333;3,25;3,75;3,5
811;13;1,35;35;4;13;2;1;1;6; ;1;3; ;4;2;3;2; ; ;1; ;1;1;1;1;2;1;1;2;1;1;2;1;1;1;1;1;1;2;4;5;5;5;5;5;5;5;5;5;5;5;4;4;3;1;1;4;5;1;2;3;2;2;1;2;1;1;1;2;4;3;2;3;3;2;4;2;1;1;3;3;2;2;3;2;2;1;3;4;4;4;3;4;2;4;3;3;4;3;3;2;2;3;2;1;1;2;1;3;2;3;1;3;1;1;1;1;1;1;2;1;4;4;1;4;2;4;3;4;3;3;16;25;25;34;20;11;7;19;59;23;1,77777777777778;2,5;2,5;3,4;2;1,83333333333333;1,16666666666667;3,16666666666667;3,25;2,875;4,91666666666667
927;13;1,2;30;4;13;2;1;1;3; ;1;2; ;3;2;1;1; ; ;2; ;1;1;2;1;1;1;2; ; ; ; ; ; ; ; ; ; ; ;1;3;4;4;4;3;4;1;4;2;4;3;2;2;3;4;4;4;4;3;3;3;1;2;4;3;4;3;3;4;3;4;2;3;3;1;3;2;2;2;4;4;4;4;3;3;4;4;4;3;3;3;3;4;3;3;2;3;4;3;1;2;2;3;2;2;2;2;3;2;3;3;2;3;3;3;2;3;2;2;2;2;3;3;2;3;3;3;3;4;3;3;26;25;37;31;21;17;13;17;37;26;2,88888888888889;2,5;3,7;3,1;2,1;2,83333333333333;2,16666666666667;2,83333333333333;3,25;3,25;3,08333333333333
940;13;1,55;43;4;13;2;1;2;6; ;1;2; ;1; ;2;3; ; ;3;2;2;1;2;1;2;1;1;1;1;1;1;1;1;1;1;1;1;2;2;4;2;2;2;2;2;2;4;2;2;2;2;2;2;4;2;2;3;3;3;3;2;2;1;3;3;3;2;3;3;3;3;3;2;4;3;3;2;3;3;2;2;2;3;3;2;1;2;2;3;3;3;3;3;3;3;3;3;3;3;3;3;4;3;3;3;3;3;3;2;2;2;2;2;2;2;2;1;1;2;2;4;3;3;3;3;3;3;4;3;3;24;29;22;30;31;12;10;19;28;20;2,66666666666667;2,9;2,2;3;3,1;2;1,66666666666667;3,16666666666667;3,25;2,5;2,33333333333333
461;13;1,1;33;4;14;2;1;1;4; ;2;4; ;4;1;4;2; ; ;2; ;1;1;2;1;2;1;1;3;1;1;2;1;1;2;1;1;2;1;2;4;3;4;4;4;5;2;4;4;4;5;5;3;5;4;5;4;4;4;1;3;2;3;4;3;2;3;1;1;3;3;1;3;3;4;3;2;3;2;3;3;2;3;3;2;2;1;2;2;3;3;3;2;3;3;2;3;3;2;1;2;2;2;4;2;2;2;3;2;4;3;2;3;4;2;2;3;3;2;4;2;3;3;3;3;4;2;3;3;4;4;19;27;23;27;22;18;16;18;45;34;2,11111111111111;2,7;2,3;2,7;2,2;3;2,66666666666667;3;3,5;4,25;3,75
881;13;,91;32;4;14;2;1;1;1; ;2;4; ;3;2;2;3; ; ;4; ;2;1;2;1;1;2;2;5;2;2;2;1;1;2;1;1;2;1;1;3;3;5;4;4;4;4;5;4;4;4;4;4;4;4;4;4;4;4;2;3;2;1;3;3;1;1;1;2;2;2;2;2;3;2;2;2;3;2;2;3;2;3;2;2;3;3;3;2;3;3;3;3;2;3;2;2;3;3;2;3;3;2;2;2;2;3;2;3;2;2;3;3;2;3;1;2;2;2;2;2;3;3;3;3;2;3;4;4;3;3;16;22;25;27;24;15;11;17;45;32;1,77777777777778;2,2;2,5;2,7;2,4;2,5;1,83333333333333;2,83333333333333;3,5;4;3,75
894;13;,93;27;4;14;2;1;1;4; ;1;4; ;5;3;5;4; ; ;3; ;1;1;2;1;2;1;2;5;1;2;1;1;1;2;1;2;2;2;3;5;2;5;5;4;5;4;5;5;5;5;3;2;4;4;4;4;4;5;4;4;4;3;1;4;1;2;2;3;4;4;2;3;3;3;3;2;2;2;4;3;4;2;4;3;4;3;3;3;4;4;4;3;3;4;2;3;4;3;2;2;3;3;4;2;1;3;2;3;2;2;2;2;2;1;1;2;1;2;1;1;2;4;2;2;1;1;3;3;4;4;27;28;33;34;25;11;8;12;53;30;3;2,8;3,3;3,4;2,5;1,83333333333333;1,33333333333333;2;3,5;3,75;4,41666666666667
939;13;1,66;56;4;14;2;1;1;4; ;2;4; ;3;2;5;3; ; ;1; ;1;1;1;1;1;1;2;3;1;1;2;1;1;2;1;1;1;2;5;5;5;5;5;5;5;5;5;5;5;5;3;4;4;4;2;5;4;3;2;3;1;1;3;2;1;1;2;4;4;4;1;2;3;4;4;4;2;3;2;2;1;4;1;3;1;1;4;3;4;4;4;4;2;4;1;4;4;2;4;4;4;4;4;3;3;3;3;4;4;4;3;4;4;1;4;4;3;2;4;2;4;4;4;4;4;4;2;4;4;4;17;31;22;33;36;20;19;24;60;29;1,88888888888889;3,1;2,2;3,3;3,6;3,33333333333333;3,16666666666667;4;3,5;3,625;5
290;13;2,37;31;4;15;2;1;2;6; ;1;2; ;5;3;4;3; ; ;5; ;2;1;2;1;2;2;2;4;1;2;1;2;1;2;1;1;1;2;4;4;4;4;4;4;4;4;4;4;4;4;4;2;4;4;3;4;4;4;3;3;2;2;1;3;2;2;1;3;3;3;3;2;2;3;3;3;2;2;3;3;3;2;3;3;3;1;3;3;3;3;3;4;2;3;3;3;3;3;3;3;3;3;3;3;3;3;3;3;3;3;3;3;3;2;1;2;1;2;1;1;3;3;3;3;3;4;4;4;4;3;21;26;27;30;30;17;8;19;48;29;2,33333333333333;2,6;2,7;3;3;2,83333333333333;1,33333333333333;3,16666666666667;3,75;3,625;4
511;13;1,64;25;4;15;2;1;2;2; ;1;2; ;4;2;4;1; ; ;4; ;2;1;2;1;2;1;2;3;1;1;2;1;1;2;1;1;1;2;4;4;2;4;5;4;4;4;4;2;3;4;3;2;5;3;3;3;3;4;3;3;4;2;3;3;4;3;2;3;2;3;2;3;3;1;2;3;3;2;3;3;3;3;3;4;4;1;4;4;4;3;4;3;3;3;2;3;3;3;2;3;3;3;2;3;2;3;3;3;3;3;3;3;3;3;2;2;2;3;3;1;4;4;3;4;3;4;3;4;4;4;27;24;32;31;27;18;13;22;44;26;3;2,4;3,2;3,1;2,7;3;2,16666666666667;3,66666666666667;3,75;3,25;3,66666666666667
676;13;1,29;30;4;15;2;1;1;6; ;1;4; ;5;3;4;1; ; ;5; ;2;1;2;1;2;2;2;7;1;2;2;2;2;2;1;2;1;2;5;5;5;5;5;5;5;5;5;3;5;5;1;3;3;3;3;3;3;3;4;3;4;3;4;4;1;2;4;4;3;4;3;3;4;1;3;1;3;2;3;1;3;1;2;2;2;1;1;1;1;3;3;4;2;3;2;2;1;1;1;1;3;2;2;1;1;2;1;1;4;3;2;3;1;1;1;3;3;2;3;1;2;2;1;3;1;1;4;4;3;4;29;27;17;22;15;14;13;10;58;22;3,22222222222222;2,7;1,7;2,2;1,5;2,33333333333333;2,16666666666667;1,66666666666667;3,75;2,75;4,83333333333333
793;13;1,57;27;4;15;2;1;2;1; ;2;2; ;4;2;3;3; ; ;1; ;1;1;1;1;2;1;1;3;1;1;1;2;1;2;1;1;1;2;3;3;3;3;3;3;3;3;3;3;3;3;3;3;3;3;3;3;3;3;4;3;4;3;4;3;3;4;2;4;4;3;3;3;3;3;2;3;2;1;4;4;4;2;4;4;3;1;4;4;4;4;4;3;4;4;3;4;4;4;3;3;3;3;3;4;3;3;3;3;4;4;2;2;3;1;1;1;1;1;1;1;4;1;3;4;2;3;4;4;3;4;30;27;34;38;31;16;6;17;36;24;3,33333333333333;2,7;3,4;3,8;3,1;2,66666666666667;1;2,83333333333333;3,75;3;3
859;13;,85;48;4;15;2;1;1;8;Energiewirtschaft;2;4; ;4;2;4;4; ; ;2; ;1;1;2;1;1;1;2;3;1;2;1;1;1;2;1;1;1;2;5;4;3;5;4;4;4;4;5;5;2;5;1;4;3;2;1;3;4;3;2;3;4;1;3;3;3;2;3;3;3;3;3;4;4;4;3;4;3;3;4;4;4;3;4;4;4;3;4;4;4;4;4;4;3;4;3;3;4;4;1;2;2;3;3;2;1;1;2;1;3;2;2;2;3;3;2;1;2;1;3;4;3;4;4;4;3;3;4;3;4;4;24;34;38;37;18;15;13;21;50;21;2,66666666666667;3,4;3,8;3,7;1,8;2,5;2,16666666666667;3,5;3,75;2,625;4,16666666666667
893;13;,74;42;4;15;2;1;2;7; ;2;4; ;4;2;3;2; ; ;2; ;1;1;1;1;2;1;2;1;1;1;1;1;1;2;1;1;1;1;2;5;3;4;4;4;4;4;5;3;4;4;4;2;2;4;2;4;4;4;2;4;2;3;2;4;2;2;2;3;3;3;3;3;2;2;3;3;3;2;3;3;3;2;3;3;2;2;3;4;4;4;4;4;4;4;4;3;4;3;2;3;4;4;2;2;2;3;2;3;4;4;3;4;3;1;2;3;3;3;4;2;2;4;3;3;2;3;4;3;4;4;24;27;28;38;27;19;17;17;46;26;2,66666666666667;2,7;2,8;3,8;2,7;3,16666666666667;2,83333333333333;2,83333333333333;3,75;3,25;3,83333333333333
934;13;1,62;38;4;15;2;1;1;1; ;2;4; ;4;2;5;2; ; ;3; ;1;1;1;1;2;2;2;2;1;1;1;1;1;2;1;1;1;2;5;4;5;5;5;5;5;5;5;4;2;5;4;2;4;2;2;5;2;2;3;3;2;3;2;3;3;2;1;3;3;3;1;3;3;3;3;3;2;2;3;3;3;2;3;3;3;2;2;3;3;4;3;3;2;3;2;2;3;2;3;3;3;3;3;3;3;3;3;4;2;2;2;2;2;3;1;2;2;2;2;1;3;4;3;3;2;3;3;4;4;4;23;26;27;27;31;13;10;18;55;23;2,55555555555556;2,6;2,7;2,7;3,1;2,16666666666667;1,66666666666667;3;3,75;2,875;4,58333333333333
686;13;1,21;36;4;16;2;1;1;4; ;2;4; ;5;3;5;3; ; ;3; ;1;1;2;1;2;1;2;7;2;2;2;2;1;2;1;1;2;2;5;5;5;5;5;5;5;5;5;5;4;5;5;4;5;1;4;5;5;2;4;4;4;4;4;4;4;3;3;4;4;3;1;4;1;1;4;3;2;3;4;4;4;2;4;4;4;3;4;4;4;4;4;3;3;4;3;3;4;4;1;1;1;2;3;1;1;1;2;1;4;2;1;2;4;1;1;3;2;2;4;1;2;1;1;1;1;3;4;4;4;4;34;26;37;36;14;14;13;9;59;31;3,77777777777778;2,6;3,7;3,6;1,4;2,33333333333333;2,16666666666667;1,5;4;3,875;4,91666666666667
703;13;1,49;36;4;16;2;1;1;1; ;1;4; ;4;3;4;2; ; ;1; ;1;1;1;1;1;1;2;3;1;1;2;1;1;2;1;1;1;2;5;5;4;5;5;4;4;4;4;4;4;4;4;4;5;4;4;4;4;4;4;3;3;3;3;3;3;2;3;3;3;3;3;3;4;2;2;4;4;3;3;2;3;3;3;3;1;4;4;3;3;3;2;2;2;3;2;2;2;2;1;2;1;2;1;1;2;2;2;1;3;3;3;3;3;2;3;3;3;3;3;2;2;2;2;2;2;2;4;4;4;4;27;31;29;23;15;17;17;12;52;33;3;3,1;2,9;2,3;1,5;2,83333333333333;2,83333333333333;2;4;4,125;4,33333333333333
765;13;,77;44;4;16;2;1;1;6; ;1;4; ;5;4;4;1;Textabgleich, Zusammenfassungen, LLM für Spezifikationen;Eine Strategie, wie KI implementiert werden soll;6; ;2;1;2;2;2;2;2;6;2;2;2;1;2;1;2;1;1;2;4;5;3;5;5;3;5;5;5;4;4;5;2;1;2;4;1;1;3;1;3;4;1;3;4;4;4;4;4;4;3;3;2;3;4;1;3;3;2;1;3;3;2;3;4;4;2;2;4;4;4;4;4;2;4;4;2;2;4;2;1;1;3;3;3;2;1;2;2;1;4;3;3;3;4;3;3;4;3;3;4;4;2;3;3;2;3;2;4;4;4;4;31;25;31;32;19;20;21;15;53;15;3,44444444444444;2,5;3,1;3,2;1,9;3,33333333333333;3,5;2,5;4;1,875;4,41666666666667
